team_a,team_b,is_team_a_win
1163,1163,1
1235,1163,0
1228,1163,0
1163,1120,1
1361,1163,0
1163,1140,1
1450,1163,0
1194,1163,0
1321,1163,0
1179,1163,0
1182,1163,0
1412,1163,0
1463,1163,1
1287,1163,0
1355,1163,0
1391,1163,0
1314,1163,0
1163,1112,1
1163,1124,1
1163,1104,1
1388,1163,0
1163,1155,1
1173,1163,0
1280,1163,0
1277,1163,0
1305,1163,0
1307,1163,0
1213,1163,0
1163,1158,1
1163,1159,1
1253,1163,0
1224,1163,0
1345,1163,1
1397,1163,0
1166,1163,0
1242,1163,1
1211,1163,0
1376,1163,0
1400,1163,1
1429,1163,0
1395,1163,0
1163,1161,1
1332,1163,0
1270,1163,0
1359,1163,0
1163,1103,1
1389,1163,0
1212,1163,0
1222,1163,1
1266,1163,1
1246,1163,0
1181,1163,1
1458,1163,0
1403,1163,0
1196,1163,0
1304,1163,0
1401,1163,1
1163,1129,1
1301,1163,0
1241,1163,0
1436,1163,0
1324,1163,0
1443,1163,0
1255,1163,0
3376,1163,0
3323,1163,0
3333,1163,0
3231,1163,0
3328,1163,0
3304,1163,0
3279,1163,0
3314,1163,0
3277,1163,0
3266,1163,0
3401,1163,0
3195,1163,0
3193,1163,0
3186,1163,0
3245,1163,0
3342,1163,0
3400,1163,0
3390,1163,0
3301,1163,0
3211,1163,0
3428,1163,0
3397,1163,0
3235,1163,0
3104,1163,0
3199,1163,0
3268,1163,0
3453,1163,0
3355,1163,0
3414,1163,0
3151,1163,0
3313,1163,0
3180,1163,0
3234,1163,0
3417,1163,0
3261,1163,0
3243,1163,0
3160,1163,0
3257,1163,0
3166,1163,0
3452,1163,0
3343,1163,0
3424,1163,0
3292,1163,0
3179,1163,0
3339,1163,0
3349,1163,0
3465,1163,0
3221,1163,0
3425,1163,0
3326,1163,0
3163,1163,0
3439,1163,0
3124,1163,0
3393,1163,0
3181,1163,0
3242,1163,0
3276,1163,0
3350,1163,0
3112,1163,0
3162,1163,0
3267,1163,0
3238,1163,0
3263,1163,0
3394,1163,0
1235,1235,0
1235,1228,0
1235,1120,0
1361,1235,0
1235,1140,0
1450,1235,0
1235,1194,0
1321,1235,0
1235,1179,0
1235,1182,0
1412,1235,0
1463,1235,1
1287,1235,0
1355,1235,0
1391,1235,0
1314,1235,0
1235,1112,0
1235,1124,0
1235,1104,0
1388,1235,0
1235,1155,0
1235,1173,1
1280,1235,0
1277,1235,0
1305,1235,0
1307,1235,0
1235,1213,1
1235,1158,0
1235,1159,0
1253,1235,0
1235,1224,0
1345,1235,1
1397,1235,0
1235,1166,0
1242,1235,1
1235,1211,0
1376,1235,0
1400,1235,1
1429,1235,0
1395,1235,0
1235,1161,1
1332,1235,0
1270,1235,0
1359,1235,0
1235,1103,1
1389,1235,0
1235,1212,1
1235,1222,0
1266,1235,0
1246,1235,0
1235,1181,0
1458,1235,0
1403,1235,0
1235,1196,0
1304,1235,0
1401,1235,0
1235,1129,1
1301,1235,0
1241,1235,0
1436,1235,0
1324,1235,0
1443,1235,0
1255,1235,0
3376,1235,0
3323,1235,0
3333,1235,0
3231,1235,0
3328,1235,0
3304,1235,0
3279,1235,0
3314,1235,0
3277,1235,0
3266,1235,0
3401,1235,0
3195,1235,0
3193,1235,0
3186,1235,0
3245,1235,0
3342,1235,0
3400,1235,0
3390,1235,0
3301,1235,0
3211,1235,0
3428,1235,0
3397,1235,0
3235,1235,0
3104,1235,0
3199,1235,0
3268,1235,0
3453,1235,0
3355,1235,0
3414,1235,0
3151,1235,0
3313,1235,0
3180,1235,0
3234,1235,0
3417,1235,0
3261,1235,0
3243,1235,0
3160,1235,0
3257,1235,0
3166,1235,0
3452,1235,0
3343,1235,0
3424,1235,0
3292,1235,0
3179,1235,0
3339,1235,0
3349,1235,0
3465,1235,0
3221,1235,0
3425,1235,0
3326,1235,0
3163,1235,0
3439,1235,0
3124,1235,0
3393,1235,0
3181,1235,0
3242,1235,0
3276,1235,0
3350,1235,0
3112,1235,0
3162,1235,0
3267,1235,0
3238,1235,0
3263,1235,0
3394,1235,0
1228,1228,1
1228,1120,0
1361,1228,1
1228,1140,0
1450,1228,1
1228,1194,0
1321,1228,1
1228,1179,0
1228,1182,0
1412,1228,1
1463,1228,1
1287,1228,0
1355,1228,0
1391,1228,0
1314,1228,1
1228,1112,0
1228,1124,0
1228,1104,0
1388,1228,1
1228,1155,0
1228,1173,1
1280,1228,1
1277,1228,1
1305,1228,1
1307,1228,0
1228,1213,1
1228,1158,1
1228,1159,0
1253,1228,0
1228,1224,0
1345,1228,1
1397,1228,1
1228,1166,0
1242,1228,1
1228,1211,0
1376,1228,0
1400,1228,1
1429,1228,1
1395,1228,1
1228,1161,1
1332,1228,1
1270,1228,0
1359,1228,0
1228,1103,1
1389,1228,0
1228,1212,1
1228,1222,0
1266,1228,1
1246,1228,1
1228,1181,0
1458,1228,0
1403,1228,1
1228,1196,0
1304,1228,0
1401,1228,1
1228,1129,1
1301,1228,1
1241,1228,0
1436,1228,0
1324,1228,0
1443,1228,0
1255,1228,0
3376,1228,0
3323,1228,0
3333,1228,0
3231,1228,0
3328,1228,0
3304,1228,0
3279,1228,0
3314,1228,0
3277,1228,0
3266,1228,0
3401,1228,0
3195,1228,0
3193,1228,0
3186,1228,0
3245,1228,0
3342,1228,0
3400,1228,0
3390,1228,0
3301,1228,0
3211,1228,0
3428,1228,0
3397,1228,0
3235,1228,0
3104,1228,0
3199,1228,0
3268,1228,0
3453,1228,0
3355,1228,0
3414,1228,0
3151,1228,0
3313,1228,0
3180,1228,0
3234,1228,0
3417,1228,0
3261,1228,0
3243,1228,0
3160,1228,0
3257,1228,0
3166,1228,0
3452,1228,0
3343,1228,0
3424,1228,0
3292,1228,0
3179,1228,0
3339,1228,0
3349,1228,0
3465,1228,0
3221,1228,0
3425,1228,0
3326,1228,0
3163,1228,0
3439,1228,0
3124,1228,0
3393,1228,0
3181,1228,0
3242,1228,0
3276,1228,0
3350,1228,0
3112,1228,0
3162,1228,0
3267,1228,0
3238,1228,0
3263,1228,0
3394,1228,0
1120,1120,1
1361,1120,1
1140,1120,0
1450,1120,0
1194,1120,0
1321,1120,0
1179,1120,1
1182,1120,0
1412,1120,0
1463,1120,0
1287,1120,0
1355,1120,0
1391,1120,0
1314,1120,1
1120,1112,0
1124,1120,0
1120,1104,0
1388,1120,1
1155,1120,1
1173,1120,1
1280,1120,0
1277,1120,1
1305,1120,1
1307,1120,0
1213,1120,0
1158,1120,0
1159,1120,0
1253,1120,0
1224,1120,0
1345,1120,1
1397,1120,1
1166,1120,1
1242,1120,1
1211,1120,1
1376,1120,0
1400,1120,1
1429,1120,0
1395,1120,1
1161,1120,0
1332,1120,0
1270,1120,0
1359,1120,0
1120,1103,1
1389,1120,0
1212,1120,0
1222,1120,1
1266,1120,1
1246,1120,1
1181,1120,1
1458,1120,0
1403,1120,1
1196,1120,0
1304,1120,0
1401,1120,1
1129,1120,1
1301,1120,0
1241,1120,0
1436,1120,0
1324,1120,0
1443,1120,0
1255,1120,0
3376,1120,0
3323,1120,0
3333,1120,0
3231,1120,0
3328,1120,0
3304,1120,0
3279,1120,0
3314,1120,0
3277,1120,0
3266,1120,0
3401,1120,0
3195,1120,0
3193,1120,0
3186,1120,0
3245,1120,0
3342,1120,0
3400,1120,0
3390,1120,0
3301,1120,0
3211,1120,0
3428,1120,0
3397,1120,0
3235,1120,0
3104,1120,0
3199,1120,0
3268,1120,0
3453,1120,0
3355,1120,0
3414,1120,0
3151,1120,0
3313,1120,0
3180,1120,0
3234,1120,0
3417,1120,0
3261,1120,0
3243,1120,0
3160,1120,0
3257,1120,0
3166,1120,0
3452,1120,0
3343,1120,0
3424,1120,0
3292,1120,0
3179,1120,0
3339,1120,0
3349,1120,0
3465,1120,0
3221,1120,0
3425,1120,0
3326,1120,0
3163,1120,0
3439,1120,0
3124,1120,0
3393,1120,0
3181,1120,0
3242,1120,0
3276,1120,0
3350,1120,0
3112,1120,0
3162,1120,0
3267,1120,0
3238,1120,0
3263,1120,0
3394,1120,0
1361,1361,0
1361,1140,1
1450,1361,0
1361,1194,0
1361,1321,1
1361,1179,0
1361,1182,1
1412,1361,0
1463,1361,0
1361,1287,1
1361,1355,1
1391,1361,0
1361,1314,1
1361,1112,0
1361,1124,0
1361,1104,0
1388,1361,1
1361,1155,0
1361,1173,1
1361,1280,1
1361,1277,1
1361,1305,0
1361,1307,0
1361,1213,1
1361,1158,1
1361,1159,1
1361,1253,1
1361,1224,0
1361,1345,1
1397,1361,1
1361,1166,0
1361,1242,0
1361,1211,1
1376,1361,0
1400,1361,1
1429,1361,0
1395,1361,1
1361,1161,1
1361,1332,0
1361,1270,1
1361,1359,1
1361,1103,1
1389,1361,0
1361,1212,1
1361,1222,0
1361,1266,0
1361,1246,0
1361,1181,0
1458,1361,0
1403,1361,1
1361,1196,1
1361,1304,1
1401,1361,1
1361,1129,1
1361,1301,1
1361,1241,1
1436,1361,0
1361,1324,1
1443,1361,0
1361,1255,1
3376,1361,0
3323,1361,0
3333,1361,0
3231,1361,0
3328,1361,0
3304,1361,0
3279,1361,0
3314,1361,0
3277,1361,0
3266,1361,0
3401,1361,0
3195,1361,0
3193,1361,0
3186,1361,0
3245,1361,0
3342,1361,0
3400,1361,0
3390,1361,0
3301,1361,0
3211,1361,0
3428,1361,0
3397,1361,0
3235,1361,0
3104,1361,0
3199,1361,0
3268,1361,0
3453,1361,0
3355,1361,0
3414,1361,0
3151,1361,0
3313,1361,0
3180,1361,0
3234,1361,0
3417,1361,0
3261,1361,0
3243,1361,0
3160,1361,0
3257,1361,0
3166,1361,0
3452,1361,0
3343,1361,0
3424,1361,0
3292,1361,0
3179,1361,0
3339,1361,0
3349,1361,0
3465,1361,0
3221,1361,0
3425,1361,0
3326,1361,0
3163,1361,0
3439,1361,0
3124,1361,0
3393,1361,0
3181,1361,0
3242,1361,0
3276,1361,0
3350,1361,0
3112,1361,0
3162,1361,0
3267,1361,0
3238,1361,0
3263,1361,0
3394,1361,0
1140,1140,0
1450,1140,1
1194,1140,1
1321,1140,0
1179,1140,1
1182,1140,0
1412,1140,0
1463,1140,1
1287,1140,0
1355,1140,0
1391,1140,0
1314,1140,1
1140,1112,0
1140,1124,0
1140,1104,0
1388,1140,1
1155,1140,1
1173,1140,1
1280,1140,0
1277,1140,1
1305,1140,1
1307,1140,0
1213,1140,0
1158,1140,0
1159,1140,0
1253,1140,0
1224,1140,0
1345,1140,1
1397,1140,1
1166,1140,1
1242,1140,1
1211,1140,1
1376,1140,0
1400,1140,1
1429,1140,1
1395,1140,1
1161,1140,0
1332,1140,0
1270,1140,0
1359,1140,0
1140,1103,1
1389,1140,0
1212,1140,0
1222,1140,1
1266,1140,1
1246,1140,1
1181,1140,1
1458,1140,0
1403,1140,1
1196,1140,0
1304,1140,0
1401,1140,1
1140,1129,1
1301,1140,1
1241,1140,0
1436,1140,0
1324,1140,0
1443,1140,0
1255,1140,0
3376,1140,0
3323,1140,0
3333,1140,0
3231,1140,0
3328,1140,0
3304,1140,0
3279,1140,0
3314,1140,0
3277,1140,0
3266,1140,0
3401,1140,0
3195,1140,0
3193,1140,0
3186,1140,0
3245,1140,0
3342,1140,0
3400,1140,0
3390,1140,0
3301,1140,0
3211,1140,0
3428,1140,0
3397,1140,0
3235,1140,0
3104,1140,0
3199,1140,0
3268,1140,0
3453,1140,0
3355,1140,0
3414,1140,0
3151,1140,0
3313,1140,0
3180,1140,0
3234,1140,0
3417,1140,0
3261,1140,0
3243,1140,0
3160,1140,0
3257,1140,0
3166,1140,0
3452,1140,0
3343,1140,0
3424,1140,0
3292,1140,0
3179,1140,0
3339,1140,0
3349,1140,0
3465,1140,0
3221,1140,0
3425,1140,0
3326,1140,0
3163,1140,0
3439,1140,0
3124,1140,0
3393,1140,0
3181,1140,0
3242,1140,0
3276,1140,0
3350,1140,0
3112,1140,0
3162,1140,0
3267,1140,0
3238,1140,0
3263,1140,0
3394,1140,0
1450,1450,1
1450,1194,0
1450,1321,1
1450,1179,0
1450,1182,1
1450,1412,1
1463,1450,1
1450,1287,1
1450,1355,1
1450,1391,1
1450,1314,1
1450,1112,0
1450,1124,0
1450,1104,0
1450,1388,0
1450,1155,0
1450,1173,1
1450,1280,1
1450,1277,1
1450,1305,0
1450,1307,0
1450,1213,1
1450,1158,1
1450,1159,1
1450,1253,1
1450,1224,0
1450,1345,0
1450,1397,0
1450,1166,0
1450,1242,0
1450,1211,0
1450,1376,1
1450,1400,0
1450,1429,0
1450,1395,0
1450,1161,1
1450,1332,0
1450,1270,1
1450,1359,1
1450,1103,1
1450,1389,1
1450,1212,1
1450,1222,0
1450,1266,0
1450,1246,0
1450,1181,0
1458,1450,0
1450,1403,1
1450,1196,0
1450,1304,1
1450,1401,1
1450,1129,1
1450,1301,1
1450,1241,1
1450,1436,1
1450,1324,1
1450,1443,1
1450,1255,1
3376,1450,0
3323,1450,0
3333,1450,0
3231,1450,0
3328,1450,0
3304,1450,0
3279,1450,0
3314,1450,0
3277,1450,0
3266,1450,0
3401,1450,0
3195,1450,0
3193,1450,0
3186,1450,0
3245,1450,0
3342,1450,0
3400,1450,0
3390,1450,0
3301,1450,0
3211,1450,0
3428,1450,0
3397,1450,0
3235,1450,0
3104,1450,0
3199,1450,0
3268,1450,0
3453,1450,0
3355,1450,0
3414,1450,0
3151,1450,0
3313,1450,0
3180,1450,0
3234,1450,0
3417,1450,0
3261,1450,0
3243,1450,0
3160,1450,0
3257,1450,0
3166,1450,0
3452,1450,0
3343,1450,0
3424,1450,0
3292,1450,0
3179,1450,0
3339,1450,0
3349,1450,0
3465,1450,0
3221,1450,0
3425,1450,0
3326,1450,0
3163,1450,0
3439,1450,0
3124,1450,0
3393,1450,0
3181,1450,0
3242,1450,0
3276,1450,0
3350,1450,0
3112,1450,0
3162,1450,0
3267,1450,0
3238,1450,0
3263,1450,0
3394,1450,0
1194,1194,0
1321,1194,0
1194,1179,0
1194,1182,1
1412,1194,0
1463,1194,0
1287,1194,0
1355,1194,0
1391,1194,0
1314,1194,1
1194,1112,0
1194,1124,0
1194,1104,0
1388,1194,1
1194,1155,0
1194,1173,1
1280,1194,0
1277,1194,1
1305,1194,0
1307,1194,0
1213,1194,0
1194,1158,1
1194,1159,1
1253,1194,0
1224,1194,0
1345,1194,1
1397,1194,1
1194,1166,0
1242,1194,1
1211,1194,0
1376,1194,0
1400,1194,1
1429,1194,0
1395,1194,1
1194,1161,1
1332,1194,0
1270,1194,0
1359,1194,0
1194,1103,1
1389,1194,0
1212,1194,0
1222,1194,1
1266,1194,1
1246,1194,1
1194,1181,0
1458,1194,0
1403,1194,1
1196,1194,0
1304,1194,0
1401,1194,1
1194,1129,1
1301,1194,0
1241,1194,0
1436,1194,0
1324,1194,0
1443,1194,0
1255,1194,0
3376,1194,0
3323,1194,0
3333,1194,0
3231,1194,0
3328,1194,0
3304,1194,0
3279,1194,0
3314,1194,0
3277,1194,0
3266,1194,0
3401,1194,0
3195,1194,0
3193,1194,0
3186,1194,0
3245,1194,0
3342,1194,0
3400,1194,0
3390,1194,0
3301,1194,0
3211,1194,0
3428,1194,0
3397,1194,0
3235,1194,0
3104,1194,0
3199,1194,0
3268,1194,0
3453,1194,0
3355,1194,0
3414,1194,0
3151,1194,0
3313,1194,0
3180,1194,0
3234,1194,0
3417,1194,0
3261,1194,0
3243,1194,0
3160,1194,0
3257,1194,0
3166,1194,0
3452,1194,0
3343,1194,0
3424,1194,0
3292,1194,0
3179,1194,0
3339,1194,0
3349,1194,0
3465,1194,0
3221,1194,0
3425,1194,0
3326,1194,0
3163,1194,0
3439,1194,0
3124,1194,0
3393,1194,0
3181,1194,0
3242,1194,0
3276,1194,0
3350,1194,0
3112,1194,0
3162,1194,0
3267,1194,0
3238,1194,0
3263,1194,0
3394,1194,0
1321,1321,1
1321,1179,1
1321,1182,1
1412,1321,1
1463,1321,1
1321,1287,1
1355,1321,0
1391,1321,0
1321,1314,1
1321,1112,0
1321,1124,0
1321,1104,0
1388,1321,1
1321,1155,0
1321,1173,1
1321,1280,1
1321,1277,1
1321,1305,0
1321,1307,0
1321,1213,1
1321,1158,1
1321,1159,1
1321,1253,1
1321,1224,1
1345,1321,1
1397,1321,1
1321,1166,0
1321,1242,0
1321,1211,0
1376,1321,0
1400,1321,1
1429,1321,1
1395,1321,1
1321,1161,1
1332,1321,1
1321,1270,1
1359,1321,0
1321,1103,1
1389,1321,0
1321,1212,1
1321,1222,0
1321,1266,0
1321,1246,0
1321,1181,0
1458,1321,0
1403,1321,1
1321,1196,0
1321,1304,1
1401,1321,1
1321,1129,1
1321,1301,1
1321,1241,1
1436,1321,0
1324,1321,0
1443,1321,0
1321,1255,1
3376,1321,0
3323,1321,0
3333,1321,0
3231,1321,0
3328,1321,0
3304,1321,0
3279,1321,0
3314,1321,0
3277,1321,0
3266,1321,0
3401,1321,0
3195,1321,0
3193,1321,0
3186,1321,0
3245,1321,0
3342,1321,0
3400,1321,0
3390,1321,0
3301,1321,0
3211,1321,0
3428,1321,0
3397,1321,0
3235,1321,0
3104,1321,0
3199,1321,0
3268,1321,0
3453,1321,0
3355,1321,0
3414,1321,0
3151,1321,0
3313,1321,0
3180,1321,0
3234,1321,0
3417,1321,0
3261,1321,0
3243,1321,0
3160,1321,0
3257,1321,0
3166,1321,0
3452,1321,0
3343,1321,0
3424,1321,0
3292,1321,0
3179,1321,0
3339,1321,0
3349,1321,0
3465,1321,0
3221,1321,0
3425,1321,0
3326,1321,0
3163,1321,0
3439,1321,0
3124,1321,0
3393,1321,0
3181,1321,0
3242,1321,0
3276,1321,0
3350,1321,0
3112,1321,0
3162,1321,0
3267,1321,0
3238,1321,0
3263,1321,0
3394,1321,0
1179,1179,0
1182,1179,0
1412,1179,0
1463,1179,1
1287,1179,0
1355,1179,0
1391,1179,0
1314,1179,1
1179,1112,0
1179,1124,0
1179,1104,0
1388,1179,1
1179,1155,1
1179,1173,1
1280,1179,0
1277,1179,0
1305,1179,0
1307,1179,0
1213,1179,0
1179,1158,1
1179,1159,1
1253,1179,0
1224,1179,0
1345,1179,1
1397,1179,1
1179,1166,1
1242,1179,1
1211,1179,0
1376,1179,0
1400,1179,1
1429,1179,0
1395,1179,0
1179,1161,1
1332,1179,0
1270,1179,0
1359,1179,0
1179,1103,1
1389,1179,0
1212,1179,0
1222,1179,1
1266,1179,1
1246,1179,0
1181,1179,1
1458,1179,0
1403,1179,1
1196,1179,0
1304,1179,0
1401,1179,0
1179,1129,1
1301,1179,0
1241,1179,0
1436,1179,0
1324,1179,0
1443,1179,0
1255,1179,0
3376,1179,0
3323,1179,0
3333,1179,0
3231,1179,0
3328,1179,0
3304,1179,0
3279,1179,0
3314,1179,0
3277,1179,0
3266,1179,0
3401,1179,0
3195,1179,0
3193,1179,0
3186,1179,0
3245,1179,0
3342,1179,0
3400,1179,0
3390,1179,0
3301,1179,0
3211,1179,0
3428,1179,0
3397,1179,0
3235,1179,0
3104,1179,0
3199,1179,0
3268,1179,0
3453,1179,0
3355,1179,0
3414,1179,0
3151,1179,0
3313,1179,0
3180,1179,0
3234,1179,0
3417,1179,0
3261,1179,0
3243,1179,0
3160,1179,0
3257,1179,0
3166,1179,0
3452,1179,0
3343,1179,0
3424,1179,0
3292,1179,0
3179,1179,0
3339,1179,0
3349,1179,0
3465,1179,0
3221,1179,0
3425,1179,0
3326,1179,0
3163,1179,0
3439,1179,0
3124,1179,0
3393,1179,0
3181,1179,0
3242,1179,0
3276,1179,0
3350,1179,0
3112,1179,0
3162,1179,0
3267,1179,0
3238,1179,0
3263,1179,0
3394,1179,0
1182,1182,0
1412,1182,1
1463,1182,1
1287,1182,0
1355,1182,0
1391,1182,0
1314,1182,1
1182,1112,0
1182,1124,0
1182,1104,0
1388,1182,1
1182,1155,0
1182,1173,0
1280,1182,1
1277,1182,1
1305,1182,1
1307,1182,0
1213,1182,0
1182,1158,0
1182,1159,0
1253,1182,0
1224,1182,0
1345,1182,1
1397,1182,1
1182,1166,0
1242,1182,1
1211,1182,1
1376,1182,0
1400,1182,1
1429,1182,1
1395,1182,1
1182,1161,1
1332,1182,0
1270,1182,0
1359,1182,0
1182,1103,1
1389,1182,0
1212,1182,0
1222,1182,1
1266,1182,1
1246,1182,1
1182,1181,0
1458,1182,0
1403,1182,1
1196,1182,0
1304,1182,0
1401,1182,1
1182,1129,0
1301,1182,1
1241,1182,0
1436,1182,0
1324,1182,0
1443,1182,0
1255,1182,0
3376,1182,0
3323,1182,0
3333,1182,0
3231,1182,0
3328,1182,0
3304,1182,0
3279,1182,0
3314,1182,0
3277,1182,0
3266,1182,0
3401,1182,0
3195,1182,0
3193,1182,0
3186,1182,0
3245,1182,0
3342,1182,0
3400,1182,0
3390,1182,0
3301,1182,0
3211,1182,0
3428,1182,0
3397,1182,0
3235,1182,0
3104,1182,0
3199,1182,0
3268,1182,0
3453,1182,0
3355,1182,0
3414,1182,0
3151,1182,0
3313,1182,0
3180,1182,0
3234,1182,0
3417,1182,0
3261,1182,0
3243,1182,0
3160,1182,0
3257,1182,0
3166,1182,0
3452,1182,0
3343,1182,0
3424,1182,0
3292,1182,0
3179,1182,0
3339,1182,0
3349,1182,0
3465,1182,0
3221,1182,0
3425,1182,0
3326,1182,0
3163,1182,0
3439,1182,0
3124,1182,0
3393,1182,0
3181,1182,0
3242,1182,0
3276,1182,0
3350,1182,0
3112,1182,0
3162,1182,0
3267,1182,0
3238,1182,0
3263,1182,0
3394,1182,0
1412,1412,1
1463,1412,1
1412,1287,1
1412,1355,1
1412,1391,1
1412,1314,1
1412,1112,0
1412,1124,0
1412,1104,0
1412,1388,0
1412,1155,0
1412,1173,1
1412,1280,1
1412,1277,1
1412,1305,0
1412,1307,0
1412,1213,1
1412,1158,1
1412,1159,1
1412,1253,1
1412,1224,0
1412,1345,0
1412,1397,0
1412,1166,0
1412,1242,0
1412,1211,0
1412,1376,1
1412,1400,0
1429,1412,1
1412,1395,0
1412,1161,1
1412,1332,0
1412,1270,1
1412,1359,1
1412,1103,1
1412,1389,1
1412,1212,1
1412,1222,0
1412,1266,0
1412,1246,0
1412,1181,0
1458,1412,0
1412,1403,1
1412,1196,0
1412,1304,1
1412,1401,1
1412,1129,1
1412,1301,1
1412,1241,1
1436,1412,0
1412,1324,1
1443,1412,0
1412,1255,1
3376,1412,0
3323,1412,0
3333,1412,0
3231,1412,0
3328,1412,0
3304,1412,0
3279,1412,0
3314,1412,0
3277,1412,0
3266,1412,0
3401,1412,0
3195,1412,0
3193,1412,0
3186,1412,0
3245,1412,0
3342,1412,0
3400,1412,0
3390,1412,0
3301,1412,0
3211,1412,0
3428,1412,0
3397,1412,0
3235,1412,0
3104,1412,0
3199,1412,0
3268,1412,0
3453,1412,0
3355,1412,0
3414,1412,0
3151,1412,0
3313,1412,0
3180,1412,0
3234,1412,0
3417,1412,0
3261,1412,0
3243,1412,0
3160,1412,0
3257,1412,0
3166,1412,0
3452,1412,0
3343,1412,0
3424,1412,0
3292,1412,0
3179,1412,0
3339,1412,0
3349,1412,0
3465,1412,0
3221,1412,0
3425,1412,0
3326,1412,0
3163,1412,0
3439,1412,0
3124,1412,0
3393,1412,0
3181,1412,0
3242,1412,0
3276,1412,0
3350,1412,0
3112,1412,0
3162,1412,0
3267,1412,0
3238,1412,0
3263,1412,0
3394,1412,0
1463,1463,1
1463,1287,1
1463,1355,1
1463,1391,1
1463,1314,1
1463,1112,0
1463,1124,1
1463,1104,0
1463,1388,1
1463,1155,1
1463,1173,1
1463,1280,1
1463,1277,1
1463,1305,1
1463,1307,1
1463,1213,1
1463,1158,1
1463,1159,1
1463,1253,1
1463,1224,1
1463,1345,0
1463,1397,0
1463,1166,1
1463,1242,0
1463,1211,1
1463,1376,1
1463,1400,0
1463,1429,1
1463,1395,0
1463,1161,1
1463,1332,0
1463,1270,0
1463,1359,1
1463,1103,1
1463,1389,1
1463,1212,1
1463,1222,0
1463,1266,1
1463,1246,1
1463,1181,0
1463,1458,0
1463,1403,1
1463,1196,1
1463,1304,1
1463,1401,0
1463,1129,1
1463,1301,1
1463,1241,1
1463,1436,1
1463,1324,1
1463,1443,1
1463,1255,1
3376,1463,0
3323,1463,0
3333,1463,0
3231,1463,0
3328,1463,0
3304,1463,0
3279,1463,0
3314,1463,0
3277,1463,0
3266,1463,0
3401,1463,0
3195,1463,0
3193,1463,0
3186,1463,0
3245,1463,0
3342,1463,0
3400,1463,0
3390,1463,0
3301,1463,0
3211,1463,0
3428,1463,0
3397,1463,0
3235,1463,0
3104,1463,0
3199,1463,0
3268,1463,0
3453,1463,0
3355,1463,0
3414,1463,0
3151,1463,0
3313,1463,0
3180,1463,0
3234,1463,0
3417,1463,0
3261,1463,0
3243,1463,0
3160,1463,0
3257,1463,0
3166,1463,0
3452,1463,0
3343,1463,0
3424,1463,0
3292,1463,0
3179,1463,0
3339,1463,0
3349,1463,0
3465,1463,0
3221,1463,0
3425,1463,0
3326,1463,0
3163,1463,0
3439,1463,0
3124,1463,0
3393,1463,0
3181,1463,0
3242,1463,0
3276,1463,0
3350,1463,0
3112,1463,0
3162,1463,0
3267,1463,0
3238,1463,0
3263,1463,0
3394,1463,0
1287,1287,1
1355,1287,1
1391,1287,1
1314,1287,1
1287,1112,0
1287,1124,0
1287,1104,0
1388,1287,1
1287,1155,0
1287,1173,0
1287,1280,0
1287,1277,0
1305,1287,1
1307,1287,1
1287,1213,0
1287,1158,0
1287,1159,0
1287,1253,0
1287,1224,0
1345,1287,1
1397,1287,1
1287,1166,0
1287,1242,0
1287,1211,0
1376,1287,1
1400,1287,1
1429,1287,1
1395,1287,1
1287,1161,0
1332,1287,1
1287,1270,1
1359,1287,1
1287,1103,0
1389,1287,0
1287,1212,0
1287,1222,0
1287,1266,0
1287,1246,0
1287,1181,0
1458,1287,1
1403,1287,1
1287,1196,0
1304,1287,1
1401,1287,1
1287,1129,0
1301,1287,1
1287,1241,0
1436,1287,1
1324,1287,0
1443,1287,1
1287,1255,0
3376,1287,0
3323,1287,0
3333,1287,0
3231,1287,0
3328,1287,0
3304,1287,0
3279,1287,0
3314,1287,0
3277,1287,0
3266,1287,0
3401,1287,0
3195,1287,0
3193,1287,0
3186,1287,0
3245,1287,0
3342,1287,0
3400,1287,0
3390,1287,0
3301,1287,0
3211,1287,0
3428,1287,0
3397,1287,0
3235,1287,0
3104,1287,0
3199,1287,0
3268,1287,0
3453,1287,0
3355,1287,0
3414,1287,0
3151,1287,0
3313,1287,0
3180,1287,0
3234,1287,0
3417,1287,0
3261,1287,0
3243,1287,0
3160,1287,0
3257,1287,0
3166,1287,0
3452,1287,0
3343,1287,0
3424,1287,0
3292,1287,0
3179,1287,0
3339,1287,0
3349,1287,0
3465,1287,0
3221,1287,0
3425,1287,0
3326,1287,0
3163,1287,0
3439,1287,0
3124,1287,0
3393,1287,0
3181,1287,0
3242,1287,0
3276,1287,0
3350,1287,0
3112,1287,0
3162,1287,0
3267,1287,0
3238,1287,0
3263,1287,0
3394,1287,0
1355,1355,1
1391,1355,1
1355,1314,0
1355,1112,0
1355,1124,0
1355,1104,0
1388,1355,1
1355,1155,0
1355,1173,1
1355,1280,0
1355,1277,0
1355,1305,0
1355,1307,0
1355,1213,1
1355,1158,0
1355,1159,0
1355,1253,1
1355,1224,0
1355,1345,0
1397,1355,1
1355,1166,0
1355,1242,0
1355,1211,0
1376,1355,1
1400,1355,1
1429,1355,1
1395,1355,1
1355,1161,1
1355,1332,0
1355,1270,1
1359,1355,0
1355,1103,1
1389,1355,0
1355,1212,1
1355,1222,0
1355,1266,0
1355,1246,0
1355,1181,0
1458,1355,1
1403,1355,1
1355,1196,0
1355,1304,0
1401,1355,1
1355,1129,0
1355,1301,0
1355,1241,0
1436,1355,1
1355,1324,1
1443,1355,1
1355,1255,1
3376,1355,0
3323,1355,0
3333,1355,0
3231,1355,0
3328,1355,0
3304,1355,0
3279,1355,0
3314,1355,0
3277,1355,0
3266,1355,0
3401,1355,0
3195,1355,0
3193,1355,0
3186,1355,0
3245,1355,0
3342,1355,0
3400,1355,0
3390,1355,0
3301,1355,0
3211,1355,0
3428,1355,0
3397,1355,0
3235,1355,0
3104,1355,0
3199,1355,0
3268,1355,0
3453,1355,0
3355,1355,0
3414,1355,0
3151,1355,0
3313,1355,0
3180,1355,0
3234,1355,0
3417,1355,0
3261,1355,0
3243,1355,0
3160,1355,0
3257,1355,0
3166,1355,0
3452,1355,0
3343,1355,0
3424,1355,0
3292,1355,0
3179,1355,0
3339,1355,0
3349,1355,0
3465,1355,0
3221,1355,0
3425,1355,0
3326,1355,0
3163,1355,0
3439,1355,0
3124,1355,0
3393,1355,0
3181,1355,0
3242,1355,0
3276,1355,0
3350,1355,0
3112,1355,0
3162,1355,0
3267,1355,0
3238,1355,0
3263,1355,0
3394,1355,0
1391,1391,1
1391,1314,0
1391,1112,0
1391,1124,0
1391,1104,0
1391,1388,0
1391,1155,0
1391,1173,0
1391,1280,0
1391,1277,0
1391,1305,0
1391,1307,0
1391,1213,0
1391,1158,0
1391,1159,0
1391,1253,1
1391,1224,0
1391,1345,0
1397,1391,1
1391,1166,0
1391,1242,0
1391,1211,0
1391,1376,1
1400,1391,1
1429,1391,1
1395,1391,1
1391,1161,1
1391,1332,0
1391,1270,1
1391,1359,1
1391,1103,1
1391,1389,1
1391,1212,1
1391,1222,0
1391,1266,0
1391,1246,0
1391,1181,0
1458,1391,1
1403,1391,1
1391,1196,0
1391,1304,0
1401,1391,1
1391,1129,0
1391,1301,0
1391,1241,0
1436,1391,1
1391,1324,1
1443,1391,1
1391,1255,1
3376,1391,0
3323,1391,0
3333,1391,0
3231,1391,0
3328,1391,0
3304,1391,0
3279,1391,0
3314,1391,0
3277,1391,0
3266,1391,0
3401,1391,0
3195,1391,0
3193,1391,0
3186,1391,0
3245,1391,0
3342,1391,0
3400,1391,0
3390,1391,0
3301,1391,0
3211,1391,0
3428,1391,0
3397,1391,0
3235,1391,0
3104,1391,0
3199,1391,0
3268,1391,0
3453,1391,0
3355,1391,0
3414,1391,0
3151,1391,0
3313,1391,0
3180,1391,0
3234,1391,0
3417,1391,0
3261,1391,0
3243,1391,0
3160,1391,0
3257,1391,0
3166,1391,0
3452,1391,0
3343,1391,0
3424,1391,0
3292,1391,0
3179,1391,0
3339,1391,0
3349,1391,0
3465,1391,0
3221,1391,0
3425,1391,0
3326,1391,0
3163,1391,0
3439,1391,0
3124,1391,0
3393,1391,0
3181,1391,0
3242,1391,0
3276,1391,0
3350,1391,0
3112,1391,0
3162,1391,0
3267,1391,0
3238,1391,0
3263,1391,0
3394,1391,0
1314,1314,1
1314,1112,0
1314,1124,0
1314,1104,0
1388,1314,1
1314,1155,1
1314,1173,1
1314,1280,1
1314,1277,1
1314,1305,0
1314,1307,1
1314,1213,1
1314,1158,1
1314,1159,1
1314,1253,1
1314,1224,1
1345,1314,1
1397,1314,1
1314,1166,1
1314,1242,0
1314,1211,1
1376,1314,0
1400,1314,1
1429,1314,1
1395,1314,1
1314,1161,1
1332,1314,0
1314,1270,1
1359,1314,0
1314,1103,1
1389,1314,0
1314,1212,1
1314,1222,1
1314,1266,0
1314,1246,1
1314,1181,0
1458,1314,0
1403,1314,1
1314,1196,1
1314,1304,1
1401,1314,1
1314,1129,1
1314,1301,1
1314,1241,1
1436,1314,0
1324,1314,0
1443,1314,0
1314,1255,1
3376,1314,0
3323,1314,0
3333,1314,0
3231,1314,0
3328,1314,0
3304,1314,0
3279,1314,0
3314,1314,0
3277,1314,0
3266,1314,0
3401,1314,0
3195,1314,0
3193,1314,0
3186,1314,0
3245,1314,0
3342,1314,0
3400,1314,0
3390,1314,0
3301,1314,0
3211,1314,0
3428,1314,0
3397,1314,0
3235,1314,0
3104,1314,0
3199,1314,0
3268,1314,0
3453,1314,0
3355,1314,0
3414,1314,0
3151,1314,0
3313,1314,0
3180,1314,0
3234,1314,0
3417,1314,0
3261,1314,0
3243,1314,0
3160,1314,0
3257,1314,0
3166,1314,0
3452,1314,0
3343,1314,0
3424,1314,0
3292,1314,0
3179,1314,0
3339,1314,0
3349,1314,0
3465,1314,0
3221,1314,0
3425,1314,0
3326,1314,0
3163,1314,0
3439,1314,0
3124,1314,0
3393,1314,0
3181,1314,0
3242,1314,0
3276,1314,0
3350,1314,0
3112,1314,0
3162,1314,0
3267,1314,0
3238,1314,0
3263,1314,0
3394,1314,0
1112,1112,1
1124,1112,0
1112,1104,1
1388,1112,0
1155,1112,0
1173,1112,0
1280,1112,0
1277,1112,0
1305,1112,0
1307,1112,0
1213,1112,0
1158,1112,0
1159,1112,0
1253,1112,0
1224,1112,0
1345,1112,1
1397,1112,0
1166,1112,0
1242,1112,0
1211,1112,0
1376,1112,0
1400,1112,1
1429,1112,0
1395,1112,0
1161,1112,0
1332,1112,0
1270,1112,0
1359,1112,0
1112,1103,1
1389,1112,0
1212,1112,0
1222,1112,1
1266,1112,1
1246,1112,0
1181,1112,1
1458,1112,0
1403,1112,0
1196,1112,0
1304,1112,0
1401,1112,1
1129,1112,1
1301,1112,0
1241,1112,0
1436,1112,0
1324,1112,0
1443,1112,0
1255,1112,0
3376,1112,0
3323,1112,0
3333,1112,0
3231,1112,0
3328,1112,0
3304,1112,0
3279,1112,0
3314,1112,0
3277,1112,0
3266,1112,0
3401,1112,0
3195,1112,0
3193,1112,0
3186,1112,0
3245,1112,0
3342,1112,0
3400,1112,0
3390,1112,0
3301,1112,0
3211,1112,0
3428,1112,0
3397,1112,0
3235,1112,0
3104,1112,0
3199,1112,0
3268,1112,0
3453,1112,0
3355,1112,0
3414,1112,0
3151,1112,0
3313,1112,0
3180,1112,0
3234,1112,0
3417,1112,0
3261,1112,0
3243,1112,0
3160,1112,0
3257,1112,0
3166,1112,0
3452,1112,0
3343,1112,0
3424,1112,0
3292,1112,0
3179,1112,0
3339,1112,0
3349,1112,0
3465,1112,0
3221,1112,0
3425,1112,0
3326,1112,0
3163,1112,0
3439,1112,0
3124,1112,0
3393,1112,0
3181,1112,0
3242,1112,0
3276,1112,0
3350,1112,0
3112,1112,0
3162,1112,0
3267,1112,0
3238,1112,0
3263,1112,0
3394,1112,0
1124,1124,0
1124,1104,0
1388,1124,0
1155,1124,0
1173,1124,0
1280,1124,0
1277,1124,0
1305,1124,0
1307,1124,0
1213,1124,0
1158,1124,0
1159,1124,0
1253,1124,0
1224,1124,0
1345,1124,1
1397,1124,0
1166,1124,0
1242,1124,0
1211,1124,0
1376,1124,0
1400,1124,1
1429,1124,0
1395,1124,0
1161,1124,0
1332,1124,0
1270,1124,0
1359,1124,0
1124,1103,1
1389,1124,0
1212,1124,0
1222,1124,1
1266,1124,0
1246,1124,0
1181,1124,0
1458,1124,0
1403,1124,0
1196,1124,0
1304,1124,0
1401,1124,0
1129,1124,0
1301,1124,0
1241,1124,0
1436,1124,0
1324,1124,0
1443,1124,0
1255,1124,0
3376,1124,0
3323,1124,0
3333,1124,0
3231,1124,0
3328,1124,0
3304,1124,0
3279,1124,0
3314,1124,0
3277,1124,0
3266,1124,0
3401,1124,0
3195,1124,0
3193,1124,0
3186,1124,0
3245,1124,0
3342,1124,0
3400,1124,0
3390,1124,0
3301,1124,0
3211,1124,0
3428,1124,0
3397,1124,0
3235,1124,0
3104,1124,0
3199,1124,0
3268,1124,0
3453,1124,0
3355,1124,0
3414,1124,0
3151,1124,0
3313,1124,0
3180,1124,0
3234,1124,0
3417,1124,0
3261,1124,0
3243,1124,0
3160,1124,0
3257,1124,0
3166,1124,0
3452,1124,0
3343,1124,0
3424,1124,0
3292,1124,0
3179,1124,0
3339,1124,0
3349,1124,0
3465,1124,0
3221,1124,0
3425,1124,0
3326,1124,0
3163,1124,0
3439,1124,0
3124,1124,0
3393,1124,0
3181,1124,0
3242,1124,0
3276,1124,0
3350,1124,0
3112,1124,0
3162,1124,0
3267,1124,0
3238,1124,0
3263,1124,0
3394,1124,0
1104,1104,0
1388,1104,0
1155,1104,0
1173,1104,0
1280,1104,0
1277,1104,0
1305,1104,0
1307,1104,0
1213,1104,0
1158,1104,0
1159,1104,0
1253,1104,0
1224,1104,0
1345,1104,1
1397,1104,0
1166,1104,0
1242,1104,0
1211,1104,0
1376,1104,0
1400,1104,1
1429,1104,0
1395,1104,0
1161,1104,0
1332,1104,0
1270,1104,0
1359,1104,0
1104,1103,1
1389,1104,0
1212,1104,0
1222,1104,0
1266,1104,0
1246,1104,0
1181,1104,0
1458,1104,0
1403,1104,0
1196,1104,0
1304,1104,0
1401,1104,0
1129,1104,0
1301,1104,0
1241,1104,0
1436,1104,0
1324,1104,0
1443,1104,0
1255,1104,0
3376,1104,0
3323,1104,0
3333,1104,0
3231,1104,0
3328,1104,0
3304,1104,0
3279,1104,0
3314,1104,0
3277,1104,0
3266,1104,0
3401,1104,0
3195,1104,0
3193,1104,0
3186,1104,0
3245,1104,0
3342,1104,0
3400,1104,0
3390,1104,0
3301,1104,0
3211,1104,0
3428,1104,0
3397,1104,0
3235,1104,0
3104,1104,0
3199,1104,0
3268,1104,0
3453,1104,0
3355,1104,0
3414,1104,0
3151,1104,0
3313,1104,0
3180,1104,0
3234,1104,0
3417,1104,0
3261,1104,0
3243,1104,0
3160,1104,0
3257,1104,0
3166,1104,0
3452,1104,0
3343,1104,0
3424,1104,0
3292,1104,0
3179,1104,0
3339,1104,0
3349,1104,0
3465,1104,0
3221,1104,0
3425,1104,0
3326,1104,0
3163,1104,0
3439,1104,0
3124,1104,0
3393,1104,0
3181,1104,0
3242,1104,0
3276,1104,0
3350,1104,0
3112,1104,0
3162,1104,0
3267,1104,0
3238,1104,0
3263,1104,0
3394,1104,0
1388,1388,0
1388,1155,0
1388,1173,1
1388,1280,1
1388,1277,1
1388,1305,0
1388,1307,0
1388,1213,1
1388,1158,1
1388,1159,1
1388,1253,1
1388,1224,1
1388,1345,1
1397,1388,0
1388,1166,1
1388,1242,0
1388,1211,1
1388,1376,1
1400,1388,1
1429,1388,0
1395,1388,0
1388,1161,1
1388,1332,0
1388,1270,1
1388,1359,1
1388,1103,1
1389,1388,0
1388,1212,1
1388,1222,1
1388,1266,0
1388,1246,1
1388,1181,0
1458,1388,0
1403,1388,0
1388,1196,1
1388,1304,1
1401,1388,1
1388,1129,1
1388,1301,1
1388,1241,1
1436,1388,0
1388,1324,1
1443,1388,0
1388,1255,1
3376,1388,0
3323,1388,0
3333,1388,0
3231,1388,0
3328,1388,0
3304,1388,0
3279,1388,0
3314,1388,0
3277,1388,0
3266,1388,0
3401,1388,0
3195,1388,0
3193,1388,0
3186,1388,0
3245,1388,0
3342,1388,0
3400,1388,0
3390,1388,0
3301,1388,0
3211,1388,0
3428,1388,0
3397,1388,0
3235,1388,0
3104,1388,0
3199,1388,0
3268,1388,0
3453,1388,0
3355,1388,0
3414,1388,0
3151,1388,0
3313,1388,0
3180,1388,0
3234,1388,0
3417,1388,0
3261,1388,0
3243,1388,0
3160,1388,0
3257,1388,0
3166,1388,0
3452,1388,0
3343,1388,0
3424,1388,0
3292,1388,0
3179,1388,0
3339,1388,0
3349,1388,0
3465,1388,0
3221,1388,0
3425,1388,0
3326,1388,0
3163,1388,0
3439,1388,0
3124,1388,0
3393,1388,0
3181,1388,0
3242,1388,0
3276,1388,0
3350,1388,0
3112,1388,0
3162,1388,0
3267,1388,0
3238,1388,0
3263,1388,0
3394,1388,0
1155,1155,0
1173,1155,0
1280,1155,0
1277,1155,0
1305,1155,0
1307,1155,0
1213,1155,0
1158,1155,0
1159,1155,0
1253,1155,0
1224,1155,0
1345,1155,1
1397,1155,1
1166,1155,0
1242,1155,1
1211,1155,0
1376,1155,0
1400,1155,1
1429,1155,0
1395,1155,0
1161,1155,0
1332,1155,0
1270,1155,0
1359,1155,0
1155,1103,1
1389,1155,0
1212,1155,0
1222,1155,1
1266,1155,1
1246,1155,1
1181,1155,1
1458,1155,0
1403,1155,1
1196,1155,0
1304,1155,0
1401,1155,1
1155,1129,1
1301,1155,0
1241,1155,0
1436,1155,0
1324,1155,0
1443,1155,0
1255,1155,0
3376,1155,0
3323,1155,0
3333,1155,0
3231,1155,0
3328,1155,0
3304,1155,0
3279,1155,0
3314,1155,0
3277,1155,0
3266,1155,0
3401,1155,0
3195,1155,0
3193,1155,0
3186,1155,0
3245,1155,0
3342,1155,0
3400,1155,0
3390,1155,0
3301,1155,0
3211,1155,0
3428,1155,0
3397,1155,0
3235,1155,0
3104,1155,0
3199,1155,0
3268,1155,0
3453,1155,0
3355,1155,0
3414,1155,0
3151,1155,0
3313,1155,0
3180,1155,0
3234,1155,0
3417,1155,0
3261,1155,0
3243,1155,0
3160,1155,0
3257,1155,0
3166,1155,0
3452,1155,0
3343,1155,0
3424,1155,0
3292,1155,0
3179,1155,0
3339,1155,0
3349,1155,0
3465,1155,0
3221,1155,0
3425,1155,0
3326,1155,0
3163,1155,0
3439,1155,0
3124,1155,0
3393,1155,0
3181,1155,0
3242,1155,0
3276,1155,0
3350,1155,0
3112,1155,0
3162,1155,0
3267,1155,0
3238,1155,0
3263,1155,0
3394,1155,0
1173,1173,1
1280,1173,1
1277,1173,1
1305,1173,1
1307,1173,1
1213,1173,1
1173,1158,1
1173,1159,1
1253,1173,1
1224,1173,0
1345,1173,1
1397,1173,1
1173,1166,1
1242,1173,1
1211,1173,1
1376,1173,0
1400,1173,1
1429,1173,1
1395,1173,1
1173,1161,1
1332,1173,1
1270,1173,0
1359,1173,0
1173,1103,1
1389,1173,0
1212,1173,0
1222,1173,1
1266,1173,1
1246,1173,1
1181,1173,1
1458,1173,1
1403,1173,1
1196,1173,1
1304,1173,0
1401,1173,1
1173,1129,1
1301,1173,1
1241,1173,1
1436,1173,0
1324,1173,0
1443,1173,0
1255,1173,0
3376,1173,0
3323,1173,0
3333,1173,0
3231,1173,0
3328,1173,0
3304,1173,0
3279,1173,0
3314,1173,0
3277,1173,0
3266,1173,0
3401,1173,0
3195,1173,0
3193,1173,0
3186,1173,0
3245,1173,0
3342,1173,0
3400,1173,0
3390,1173,0
3301,1173,0
3211,1173,0
3428,1173,0
3397,1173,0
3235,1173,0
3104,1173,0
3199,1173,0
3268,1173,0
3453,1173,0
3355,1173,0
3414,1173,0
3151,1173,0
3313,1173,0
3180,1173,0
3234,1173,0
3417,1173,0
3261,1173,0
3243,1173,0
3160,1173,0
3257,1173,0
3166,1173,0
3452,1173,0
3343,1173,0
3424,1173,0
3292,1173,0
3179,1173,0
3339,1173,0
3349,1173,0
3465,1173,0
3221,1173,0
3425,1173,0
3326,1173,0
3163,1173,0
3439,1173,0
3124,1173,0
3393,1173,0
3181,1173,0
3242,1173,0
3276,1173,0
3350,1173,0
3112,1173,0
3162,1173,0
3267,1173,0
3238,1173,0
3263,1173,0
3394,1173,0
1280,1280,1
1280,1277,1
1305,1280,1
1307,1280,0
1280,1213,1
1280,1158,1
1280,1159,1
1280,1253,1
1280,1224,0
1345,1280,1
1397,1280,1
1280,1166,0
1280,1242,0
1280,1211,0
1376,1280,0
1400,1280,1
1429,1280,1
1395,1280,1
1280,1161,1
1332,1280,1
1280,1270,1
1359,1280,0
1280,1103,1
1389,1280,0
1280,1212,1
1280,1222,0
1280,1266,0
1280,1246,0
1280,1181,0
1458,1280,0
1403,1280,1
1280,1196,0
1304,1280,0
1401,1280,1
1280,1129,1
1301,1280,1
1280,1241,1
1436,1280,0
1324,1280,0
1443,1280,0
1280,1255,1
3376,1280,0
3323,1280,0
3333,1280,0
3231,1280,0
3328,1280,0
3304,1280,0
3279,1280,0
3314,1280,0
3277,1280,0
3266,1280,0
3401,1280,0
3195,1280,0
3193,1280,0
3186,1280,0
3245,1280,0
3342,1280,0
3400,1280,0
3390,1280,0
3301,1280,0
3211,1280,0
3428,1280,0
3397,1280,0
3235,1280,0
3104,1280,0
3199,1280,0
3268,1280,0
3453,1280,0
3355,1280,0
3414,1280,0
3151,1280,0
3313,1280,0
3180,1280,0
3234,1280,0
3417,1280,0
3261,1280,0
3243,1280,0
3160,1280,0
3257,1280,0
3166,1280,0
3452,1280,0
3343,1280,0
3424,1280,0
3292,1280,0
3179,1280,0
3339,1280,0
3349,1280,0
3465,1280,0
3221,1280,0
3425,1280,0
3326,1280,0
3163,1280,0
3439,1280,0
3124,1280,0
3393,1280,0
3181,1280,0
3242,1280,0
3276,1280,0
3350,1280,0
3112,1280,0
3162,1280,0
3267,1280,0
3238,1280,0
3263,1280,0
3394,1280,0
1277,1277,1
1305,1277,1
1307,1277,0
1277,1213,1
1277,1158,1
1277,1159,1
1277,1253,1
1277,1224,1
1345,1277,1
1397,1277,1
1277,1166,1
1277,1242,1
1277,1211,1
1376,1277,0
1400,1277,1
1429,1277,1
1395,1277,1
1277,1161,1
1332,1277,1
1277,1270,1
1359,1277,0
1277,1103,1
1389,1277,0
1277,1212,1
1277,1222,1
1277,1266,0
1277,1246,0
1277,1181,0
1458,1277,0
1403,1277,1
1277,1196,1
1304,1277,0
1401,1277,1
1277,1129,1
1301,1277,1
1277,1241,1
1436,1277,0
1324,1277,0
1443,1277,0
1277,1255,1
3376,1277,0
3323,1277,0
3333,1277,0
3231,1277,0
3328,1277,0
3304,1277,0
3279,1277,0
3314,1277,0
3277,1277,0
3266,1277,0
3401,1277,0
3195,1277,0
3193,1277,0
3186,1277,0
3245,1277,0
3342,1277,0
3400,1277,0
3390,1277,0
3301,1277,0
3211,1277,0
3428,1277,0
3397,1277,0
3235,1277,0
3104,1277,0
3199,1277,0
3268,1277,0
3453,1277,0
3355,1277,0
3414,1277,0
3151,1277,0
3313,1277,0
3180,1277,0
3234,1277,0
3417,1277,0
3261,1277,0
3243,1277,0
3160,1277,0
3257,1277,0
3166,1277,0
3452,1277,0
3343,1277,0
3424,1277,0
3292,1277,0
3179,1277,0
3339,1277,0
3349,1277,0
3465,1277,0
3221,1277,0
3425,1277,0
3326,1277,0
3163,1277,0
3439,1277,0
3124,1277,0
3393,1277,0
3181,1277,0
3242,1277,0
3276,1277,0
3350,1277,0
3112,1277,0
3162,1277,0
3267,1277,0
3238,1277,0
3263,1277,0
3394,1277,0
1305,1305,0
1307,1305,0
1305,1213,1
1305,1158,1
1305,1159,1
1305,1253,1
1305,1224,1
1345,1305,1
1397,1305,0
1305,1166,1
1305,1242,0
1305,1211,1
1376,1305,0
1400,1305,1
1429,1305,0
1395,1305,0
1305,1161,1
1332,1305,0
1305,1270,1
1359,1305,0
1305,1103,1
1389,1305,0
1305,1212,1
1305,1222,0
1305,1266,0
1305,1246,0
1305,1181,0
1458,1305,0
1403,1305,0
1305,1196,1
1305,1304,1
1401,1305,0
1305,1129,1
1305,1301,1
1305,1241,1
1436,1305,0
1324,1305,0
1443,1305,0
1305,1255,1
3376,1305,0
3323,1305,0
3333,1305,0
3231,1305,0
3328,1305,0
3304,1305,0
3279,1305,0
3314,1305,0
3277,1305,0
3266,1305,0
3401,1305,0
3195,1305,0
3193,1305,0
3186,1305,0
3245,1305,0
3342,1305,0
3400,1305,0
3390,1305,0
3301,1305,0
3211,1305,0
3428,1305,0
3397,1305,0
3235,1305,0
3104,1305,0
3199,1305,0
3268,1305,0
3453,1305,0
3355,1305,0
3414,1305,0
3151,1305,0
3313,1305,0
3180,1305,0
3234,1305,0
3417,1305,0
3261,1305,0
3243,1305,0
3160,1305,0
3257,1305,0
3166,1305,0
3452,1305,0
3343,1305,0
3424,1305,0
3292,1305,0
3179,1305,0
3339,1305,0
3349,1305,0
3465,1305,0
3221,1305,0
3425,1305,0
3326,1305,0
3163,1305,0
3439,1305,0
3124,1305,0
3393,1305,0
3181,1305,0
3242,1305,0
3276,1305,0
3350,1305,0
3112,1305,0
3162,1305,0
3267,1305,0
3238,1305,0
3263,1305,0
3394,1305,0
1307,1307,0
1307,1213,1
1307,1158,0
1307,1159,1
1307,1253,1
1307,1224,0
1345,1307,1
1397,1307,0
1307,1166,0
1307,1242,0
1307,1211,0
1376,1307,0
1400,1307,1
1429,1307,0
1395,1307,0
1307,1161,1
1332,1307,0
1307,1270,1
1359,1307,0
1307,1103,1
1389,1307,0
1307,1212,1
1307,1222,0
1307,1266,0
1307,1246,0
1307,1181,0
1458,1307,0
1403,1307,0
1307,1196,0
1307,1304,0
1401,1307,1
1307,1129,0
1307,1301,0
1307,1241,1
1436,1307,0
1324,1307,0
1443,1307,0
1307,1255,1
3376,1307,0
3323,1307,0
3333,1307,0
3231,1307,0
3328,1307,0
3304,1307,0
3279,1307,0
3314,1307,0
3277,1307,0
3266,1307,0
3401,1307,0
3195,1307,0
3193,1307,0
3186,1307,0
3245,1307,0
3342,1307,0
3400,1307,0
3390,1307,0
3301,1307,0
3211,1307,0
3428,1307,0
3397,1307,0
3235,1307,0
3104,1307,0
3199,1307,0
3268,1307,0
3453,1307,0
3355,1307,0
3414,1307,0
3151,1307,0
3313,1307,0
3180,1307,0
3234,1307,0
3417,1307,0
3261,1307,0
3243,1307,0
3160,1307,0
3257,1307,0
3166,1307,0
3452,1307,0
3343,1307,0
3424,1307,0
3292,1307,0
3179,1307,0
3339,1307,0
3349,1307,0
3465,1307,0
3221,1307,0
3425,1307,0
3326,1307,0
3163,1307,0
3439,1307,0
3124,1307,0
3393,1307,0
3181,1307,0
3242,1307,0
3276,1307,0
3350,1307,0
3112,1307,0
3162,1307,0
3267,1307,0
3238,1307,0
3263,1307,0
3394,1307,0
1213,1213,1
1213,1158,0
1213,1159,0
1253,1213,1
1224,1213,0
1345,1213,1
1397,1213,1
1213,1166,0
1242,1213,1
1213,1211,0
1376,1213,0
1400,1213,1
1429,1213,1
1395,1213,1
1213,1161,1
1332,1213,1
1270,1213,0
1359,1213,0
1213,1103,1
1389,1213,0
1213,1212,1
1222,1213,1
1266,1213,1
1246,1213,1
1213,1181,0
1458,1213,1
1403,1213,1
1213,1196,0
1304,1213,0
1401,1213,1
1213,1129,1
1301,1213,1
1241,1213,0
1436,1213,0
1324,1213,0
1443,1213,0
1255,1213,0
3376,1213,0
3323,1213,0
3333,1213,0
3231,1213,0
3328,1213,0
3304,1213,0
3279,1213,0
3314,1213,0
3277,1213,0
3266,1213,0
3401,1213,0
3195,1213,0
3193,1213,0
3186,1213,0
3245,1213,0
3342,1213,0
3400,1213,0
3390,1213,0
3301,1213,0
3211,1213,0
3428,1213,0
3397,1213,0
3235,1213,0
3104,1213,0
3199,1213,0
3268,1213,0
3453,1213,0
3355,1213,0
3414,1213,0
3151,1213,0
3313,1213,0
3180,1213,0
3234,1213,0
3417,1213,0
3261,1213,0
3243,1213,0
3160,1213,0
3257,1213,0
3166,1213,0
3452,1213,0
3343,1213,0
3424,1213,0
3292,1213,0
3179,1213,0
3339,1213,0
3349,1213,0
3465,1213,0
3221,1213,0
3425,1213,0
3326,1213,0
3163,1213,0
3439,1213,0
3124,1213,0
3393,1213,0
3181,1213,0
3242,1213,0
3276,1213,0
3350,1213,0
3112,1213,0
3162,1213,0
3267,1213,0
3238,1213,0
3263,1213,0
3394,1213,0
1158,1158,0
1159,1158,0
1253,1158,0
1224,1158,0
1345,1158,1
1397,1158,1
1166,1158,1
1242,1158,1
1211,1158,1
1376,1158,0
1400,1158,1
1429,1158,1
1395,1158,1
1161,1158,0
1332,1158,1
1270,1158,0
1359,1158,0
1158,1103,1
1389,1158,0
1212,1158,0
1222,1158,1
1266,1158,1
1246,1158,1
1181,1158,1
1458,1158,0
1403,1158,1
1196,1158,0
1304,1158,0
1401,1158,1
1158,1129,0
1301,1158,1
1241,1158,0
1436,1158,0
1324,1158,0
1443,1158,0
1255,1158,0
3376,1158,0
3323,1158,0
3333,1158,0
3231,1158,0
3328,1158,0
3304,1158,0
3279,1158,0
3314,1158,0
3277,1158,0
3266,1158,0
3401,1158,0
3195,1158,0
3193,1158,0
3186,1158,0
3245,1158,0
3342,1158,0
3400,1158,0
3390,1158,0
3301,1158,0
3211,1158,0
3428,1158,0
3397,1158,0
3235,1158,0
3104,1158,0
3199,1158,0
3268,1158,0
3453,1158,0
3355,1158,0
3414,1158,0
3151,1158,0
3313,1158,0
3180,1158,0
3234,1158,0
3417,1158,0
3261,1158,0
3243,1158,0
3160,1158,0
3257,1158,0
3166,1158,0
3452,1158,0
3343,1158,0
3424,1158,0
3292,1158,0
3179,1158,0
3339,1158,0
3349,1158,0
3465,1158,0
3221,1158,0
3425,1158,0
3326,1158,0
3163,1158,0
3439,1158,0
3124,1158,0
3393,1158,0
3181,1158,0
3242,1158,0
3276,1158,0
3350,1158,0
3112,1158,0
3162,1158,0
3267,1158,0
3238,1158,0
3263,1158,0
3394,1158,0
1159,1159,0
1253,1159,0
1224,1159,0
1345,1159,1
1397,1159,1
1166,1159,1
1242,1159,1
1211,1159,1
1376,1159,0
1400,1159,1
1429,1159,1
1395,1159,1
1161,1159,0
1332,1159,0
1270,1159,0
1359,1159,0
1159,1103,1
1389,1159,0
1212,1159,0
1222,1159,1
1266,1159,1
1246,1159,1
1181,1159,1
1458,1159,0
1403,1159,1
1196,1159,0
1304,1159,0
1401,1159,1
1159,1129,0
1301,1159,1
1241,1159,0
1436,1159,0
1324,1159,0
1443,1159,0
1255,1159,0
3376,1159,0
3323,1159,0
3333,1159,0
3231,1159,0
3328,1159,0
3304,1159,0
3279,1159,0
3314,1159,0
3277,1159,0
3266,1159,0
3401,1159,0
3195,1159,0
3193,1159,0
3186,1159,0
3245,1159,0
3342,1159,0
3400,1159,0
3390,1159,0
3301,1159,0
3211,1159,0
3428,1159,0
3397,1159,0
3235,1159,0
3104,1159,0
3199,1159,0
3268,1159,0
3453,1159,0
3355,1159,0
3414,1159,0
3151,1159,0
3313,1159,0
3180,1159,0
3234,1159,0
3417,1159,0
3261,1159,0
3243,1159,0
3160,1159,0
3257,1159,0
3166,1159,0
3452,1159,0
3343,1159,0
3424,1159,0
3292,1159,0
3179,1159,0
3339,1159,0
3349,1159,0
3465,1159,0
3221,1159,0
3425,1159,0
3326,1159,0
3163,1159,0
3439,1159,0
3124,1159,0
3393,1159,0
3181,1159,0
3242,1159,0
3276,1159,0
3350,1159,0
3112,1159,0
3162,1159,0
3267,1159,0
3238,1159,0
3263,1159,0
3394,1159,0
1253,1253,1
1253,1224,0
1345,1253,1
1397,1253,1
1253,1166,0
1253,1242,0
1253,1211,0
1376,1253,1
1400,1253,1
1429,1253,1
1395,1253,1
1253,1161,1
1332,1253,1
1270,1253,0
1359,1253,0
1253,1103,1
1389,1253,0
1253,1212,1
1253,1222,0
1266,1253,1
1253,1246,0
1253,1181,0
1458,1253,1
1403,1253,1
1253,1196,0
1304,1253,0
1401,1253,1
1253,1129,0
1301,1253,1
1253,1241,0
1436,1253,1
1324,1253,0
1443,1253,1
1255,1253,0
3376,1253,0
3323,1253,0
3333,1253,0
3231,1253,0
3328,1253,0
3304,1253,0
3279,1253,0
3314,1253,0
3277,1253,0
3266,1253,0
3401,1253,0
3195,1253,0
3193,1253,0
3186,1253,0
3245,1253,0
3342,1253,0
3400,1253,0
3390,1253,0
3301,1253,0
3211,1253,0
3428,1253,0
3397,1253,0
3235,1253,0
3104,1253,0
3199,1253,0
3268,1253,0
3453,1253,0
3355,1253,0
3414,1253,0
3151,1253,0
3313,1253,0
3180,1253,0
3234,1253,0
3417,1253,0
3261,1253,0
3243,1253,0
3160,1253,0
3257,1253,0
3166,1253,0
3452,1253,0
3343,1253,0
3424,1253,0
3292,1253,0
3179,1253,0
3339,1253,0
3349,1253,0
3465,1253,0
3221,1253,0
3425,1253,0
3326,1253,0
3163,1253,0
3439,1253,0
3124,1253,0
3393,1253,0
3181,1253,0
3242,1253,0
3276,1253,0
3350,1253,0
3112,1253,0
3162,1253,0
3267,1253,0
3238,1253,0
3263,1253,0
3394,1253,0
1224,1224,0
1345,1224,1
1397,1224,1
1224,1166,0
1242,1224,1
1224,1211,0
1376,1224,0
1400,1224,1
1429,1224,0
1395,1224,1
1224,1161,0
1332,1224,0
1270,1224,0
1359,1224,0
1224,1103,1
1389,1224,0
1224,1212,0
1224,1222,0
1266,1224,1
1246,1224,1
1224,1181,0
1458,1224,0
1403,1224,1
1224,1196,0
1304,1224,0
1401,1224,1
1224,1129,0
1301,1224,1
1241,1224,0
1436,1224,0
1324,1224,0
1443,1224,0
1255,1224,0
3376,1224,0
3323,1224,0
3333,1224,0
3231,1224,0
3328,1224,0
3304,1224,0
3279,1224,0
3314,1224,0
3277,1224,0
3266,1224,0
3401,1224,0
3195,1224,0
3193,1224,0
3186,1224,0
3245,1224,0
3342,1224,0
3400,1224,0
3390,1224,0
3301,1224,0
3211,1224,0
3428,1224,0
3397,1224,0
3235,1224,0
3104,1224,0
3199,1224,0
3268,1224,0
3453,1224,0
3355,1224,0
3414,1224,0
3151,1224,0
3313,1224,0
3180,1224,0
3234,1224,0
3417,1224,0
3261,1224,0
3243,1224,0
3160,1224,0
3257,1224,0
3166,1224,0
3452,1224,0
3343,1224,0
3424,1224,0
3292,1224,0
3179,1224,0
3339,1224,0
3349,1224,0
3465,1224,0
3221,1224,0
3425,1224,0
3326,1224,0
3163,1224,0
3439,1224,0
3124,1224,0
3393,1224,0
3181,1224,0
3242,1224,0
3276,1224,0
3350,1224,0
3112,1224,0
3162,1224,0
3267,1224,0
3238,1224,0
3263,1224,0
3394,1224,0
1345,1345,1
1397,1345,1
1345,1166,1
1345,1242,1
1345,1211,1
1376,1345,0
1400,1345,1
1429,1345,0
1395,1345,1
1345,1161,1
1345,1332,1
1345,1270,1
1359,1345,0
1345,1103,1
1389,1345,0
1345,1212,1
1345,1222,1
1345,1266,1
1345,1246,1
1345,1181,1
1458,1345,0
1403,1345,1
1345,1196,1
1345,1304,1
1401,1345,1
1345,1129,1
1345,1301,1
1345,1241,1
1436,1345,0
1345,1324,1
1443,1345,0
1345,1255,1
3376,1345,0
3323,1345,0
3333,1345,0
3231,1345,0
3328,1345,0
3304,1345,0
3279,1345,0
3314,1345,0
3277,1345,0
3266,1345,0
3401,1345,0
3195,1345,0
3193,1345,0
3186,1345,0
3245,1345,0
3342,1345,0
3400,1345,0
3390,1345,0
3301,1345,0
3211,1345,0
3428,1345,0
3397,1345,0
3235,1345,0
3104,1345,0
3199,1345,0
3268,1345,0
3453,1345,0
3355,1345,0
3414,1345,0
3151,1345,0
3313,1345,0
3180,1345,0
3234,1345,0
3417,1345,0
3261,1345,0
3243,1345,0
3160,1345,0
3257,1345,0
3166,1345,0
3452,1345,0
3343,1345,0
3424,1345,0
3292,1345,0
3179,1345,0
3339,1345,0
3349,1345,0
3465,1345,0
3221,1345,0
3425,1345,0
3326,1345,0
3163,1345,0
3439,1345,0
3124,1345,0
3393,1345,0
3181,1345,0
3242,1345,0
3276,1345,0
3350,1345,0
3112,1345,0
3162,1345,0
3267,1345,0
3238,1345,0
3263,1345,0
3394,1345,0
1397,1397,1
1397,1166,1
1397,1242,0
1397,1211,1
1397,1376,1
1400,1397,1
1429,1397,0
1397,1395,0
1397,1161,1
1397,1332,0
1397,1270,1
1397,1359,1
1397,1103,1
1397,1389,1
1397,1212,1
1397,1222,1
1397,1266,0
1397,1246,1
1397,1181,0
1458,1397,0
1403,1397,1
1397,1196,1
1397,1304,1
1401,1397,1
1397,1129,1
1397,1301,1
1397,1241,1
1436,1397,0
1397,1324,1
1443,1397,0
1397,1255,1
3376,1397,0
3323,1397,0
3333,1397,0
3231,1397,0
3328,1397,0
3304,1397,0
3279,1397,0
3314,1397,0
3277,1397,0
3266,1397,0
3401,1397,0
3195,1397,0
3193,1397,0
3186,1397,0
3245,1397,0
3342,1397,0
3400,1397,0
3390,1397,0
3301,1397,0
3211,1397,0
3428,1397,0
3397,1397,0
3235,1397,0
3104,1397,0
3199,1397,0
3268,1397,0
3453,1397,0
3355,1397,0
3414,1397,0
3151,1397,0
3313,1397,0
3180,1397,0
3234,1397,0
3417,1397,0
3261,1397,0
3243,1397,0
3160,1397,0
3257,1397,0
3166,1397,0
3452,1397,0
3343,1397,0
3424,1397,0
3292,1397,0
3179,1397,0
3339,1397,0
3349,1397,0
3465,1397,0
3221,1397,0
3425,1397,0
3326,1397,0
3163,1397,0
3439,1397,0
3124,1397,0
3393,1397,0
3181,1397,0
3242,1397,0
3276,1397,0
3350,1397,0
3112,1397,0
3162,1397,0
3267,1397,0
3238,1397,0
3263,1397,0
3394,1397,0
1166,1166,1
1242,1166,1
1211,1166,1
1376,1166,0
1400,1166,1
1429,1166,0
1395,1166,1
1166,1161,1
1332,1166,0
1270,1166,0
1359,1166,0
1166,1103,1
1389,1166,0
1212,1166,0
1222,1166,1
1266,1166,1
1246,1166,1
1181,1166,1
1458,1166,0
1403,1166,1
1196,1166,0
1304,1166,0
1401,1166,1
1166,1129,1
1301,1166,1
1241,1166,0
1436,1166,0
1324,1166,0
1443,1166,0
1255,1166,0
3376,1166,0
3323,1166,0
3333,1166,0
3231,1166,0
3328,1166,0
3304,1166,0
3279,1166,0
3314,1166,0
3277,1166,0
3266,1166,0
3401,1166,0
3195,1166,0
3193,1166,0
3186,1166,0
3245,1166,0
3342,1166,0
3400,1166,0
3390,1166,0
3301,1166,0
3211,1166,0
3428,1166,0
3397,1166,0
3235,1166,0
3104,1166,0
3199,1166,0
3268,1166,0
3453,1166,0
3355,1166,0
3414,1166,0
3151,1166,0
3313,1166,0
3180,1166,0
3234,1166,0
3417,1166,0
3261,1166,0
3243,1166,0
3160,1166,0
3257,1166,0
3166,1166,0
3452,1166,0
3343,1166,0
3424,1166,0
3292,1166,0
3179,1166,0
3339,1166,0
3349,1166,0
3465,1166,0
3221,1166,0
3425,1166,0
3326,1166,0
3163,1166,0
3439,1166,0
3124,1166,0
3393,1166,0
3181,1166,0
3242,1166,0
3276,1166,0
3350,1166,0
3112,1166,0
3162,1166,0
3267,1166,0
3238,1166,0
3263,1166,0
3394,1166,0
1242,1242,1
1242,1211,1
1376,1242,0
1400,1242,1
1429,1242,0
1395,1242,0
1242,1161,1
1332,1242,0
1270,1242,0
1359,1242,0
1242,1103,1
1389,1242,0
1242,1212,1
1242,1222,1
1266,1242,1
1246,1242,1
1242,1181,1
1458,1242,0
1403,1242,0
1242,1196,1
1304,1242,0
1401,1242,1
1242,1129,1
1301,1242,0
1242,1241,1
1436,1242,0
1324,1242,0
1443,1242,0
1255,1242,0
3376,1242,0
3323,1242,0
3333,1242,0
3231,1242,0
3328,1242,0
3304,1242,0
3279,1242,0
3314,1242,0
3277,1242,0
3266,1242,0
3401,1242,0
3195,1242,0
3193,1242,0
3186,1242,0
3245,1242,0
3342,1242,0
3400,1242,0
3390,1242,0
3301,1242,0
3211,1242,0
3428,1242,0
3397,1242,0
3235,1242,0
3104,1242,0
3199,1242,0
3268,1242,0
3453,1242,0
3355,1242,0
3414,1242,0
3151,1242,0
3313,1242,0
3180,1242,0
3234,1242,0
3417,1242,0
3261,1242,0
3243,1242,0
3160,1242,0
3257,1242,0
3166,1242,0
3452,1242,0
3343,1242,0
3424,1242,0
3292,1242,0
3179,1242,0
3339,1242,0
3349,1242,0
3465,1242,0
3221,1242,0
3425,1242,0
3326,1242,0
3163,1242,0
3439,1242,0
3124,1242,0
3393,1242,0
3181,1242,0
3242,1242,0
3276,1242,0
3350,1242,0
3112,1242,0
3162,1242,0
3267,1242,0
3238,1242,0
3263,1242,0
3394,1242,0
1211,1211,1
1376,1211,0
1400,1211,1
1429,1211,0
1395,1211,1
1211,1161,1
1332,1211,0
1270,1211,0
1359,1211,0
1211,1103,1
1389,1211,0
1212,1211,0
1222,1211,1
1266,1211,1
1246,1211,1
1211,1181,0
1458,1211,0
1403,1211,1
1211,1196,1
1304,1211,0
1401,1211,1
1211,1129,1
1301,1211,0
1241,1211,0
1436,1211,0
1324,1211,0
1443,1211,0
1255,1211,0
3376,1211,0
3323,1211,0
3333,1211,0
3231,1211,0
3328,1211,0
3304,1211,0
3279,1211,0
3314,1211,0
3277,1211,0
3266,1211,0
3401,1211,0
3195,1211,0
3193,1211,0
3186,1211,0
3245,1211,0
3342,1211,0
3400,1211,0
3390,1211,0
3301,1211,0
3211,1211,0
3428,1211,0
3397,1211,0
3235,1211,0
3104,1211,0
3199,1211,0
3268,1211,0
3453,1211,0
3355,1211,0
3414,1211,0
3151,1211,0
3313,1211,0
3180,1211,0
3234,1211,0
3417,1211,0
3261,1211,0
3243,1211,0
3160,1211,0
3257,1211,0
3166,1211,0
3452,1211,0
3343,1211,0
3424,1211,0
3292,1211,0
3179,1211,0
3339,1211,0
3349,1211,0
3465,1211,0
3221,1211,0
3425,1211,0
3326,1211,0
3163,1211,0
3439,1211,0
3124,1211,0
3393,1211,0
3181,1211,0
3242,1211,0
3276,1211,0
3350,1211,0
3112,1211,0
3162,1211,0
3267,1211,0
3238,1211,0
3263,1211,0
3394,1211,0
1376,1376,1
1400,1376,1
1429,1376,1
1395,1376,1
1376,1161,0
1376,1332,0
1376,1270,1
1376,1359,1
1376,1103,1
1389,1376,0
1376,1212,0
1376,1222,0
1376,1266,0
1376,1246,0
1376,1181,0
1458,1376,1
1403,1376,1
1376,1196,0
1376,1304,0
1401,1376,1
1376,1129,0
1376,1301,0
1376,1241,0
1436,1376,1
1376,1324,1
1443,1376,1
1376,1255,1
3376,1376,0
3323,1376,0
3333,1376,0
3231,1376,0
3328,1376,0
3304,1376,0
3279,1376,0
3314,1376,0
3277,1376,0
3266,1376,0
3401,1376,0
3195,1376,0
3193,1376,0
3186,1376,0
3245,1376,0
3342,1376,0
3400,1376,0
3390,1376,0
3301,1376,0
3211,1376,0
3428,1376,0
3397,1376,0
3235,1376,0
3104,1376,0
3199,1376,0
3268,1376,0
3453,1376,0
3355,1376,0
3414,1376,0
3151,1376,0
3313,1376,0
3180,1376,0
3234,1376,0
3417,1376,0
3261,1376,0
3243,1376,0
3160,1376,0
3257,1376,0
3166,1376,0
3452,1376,0
3343,1376,0
3424,1376,0
3292,1376,0
3179,1376,0
3339,1376,0
3349,1376,0
3465,1376,0
3221,1376,0
3425,1376,0
3326,1376,0
3163,1376,0
3439,1376,0
3124,1376,0
3393,1376,0
3181,1376,0
3242,1376,0
3276,1376,0
3350,1376,0
3112,1376,0
3162,1376,0
3267,1376,0
3238,1376,0
3263,1376,0
3394,1376,0
1400,1400,1
1429,1400,0
1400,1395,1
1400,1161,1
1400,1332,1
1400,1270,1
1400,1359,1
1400,1103,1
1400,1389,1
1400,1212,1
1400,1222,1
1400,1266,1
1400,1246,1
1400,1181,1
1458,1400,0
1403,1400,0
1400,1196,1
1400,1304,1
1401,1400,1
1400,1129,1
1400,1301,1
1400,1241,1
1436,1400,0
1400,1324,1
1443,1400,0
1400,1255,1
3376,1400,0
3323,1400,0
3333,1400,0
3231,1400,0
3328,1400,0
3304,1400,0
3279,1400,0
3314,1400,0
3277,1400,0
3266,1400,0
3401,1400,0
3195,1400,0
3193,1400,0
3186,1400,0
3245,1400,0
3342,1400,0
3400,1400,0
3390,1400,0
3301,1400,0
3211,1400,0
3428,1400,0
3397,1400,0
3235,1400,0
3104,1400,0
3199,1400,0
3268,1400,0
3453,1400,0
3355,1400,0
3414,1400,0
3151,1400,0
3313,1400,0
3180,1400,0
3234,1400,0
3417,1400,0
3261,1400,0
3243,1400,0
3160,1400,0
3257,1400,0
3166,1400,0
3452,1400,0
3343,1400,0
3424,1400,0
3292,1400,0
3179,1400,0
3339,1400,0
3349,1400,0
3465,1400,0
3221,1400,0
3425,1400,0
3326,1400,0
3163,1400,0
3439,1400,0
3124,1400,0
3393,1400,0
3181,1400,0
3242,1400,0
3276,1400,0
3350,1400,0
3112,1400,0
3162,1400,0
3267,1400,0
3238,1400,0
3263,1400,0
3394,1400,0
1429,1429,0
1429,1395,0
1429,1161,1
1429,1332,0
1429,1270,1
1429,1359,1
1429,1103,1
1429,1389,1
1429,1212,1
1429,1222,0
1429,1266,0
1429,1246,0
1429,1181,0
1458,1429,0
1429,1403,1
1429,1196,0
1429,1304,1
1429,1401,1
1429,1129,1
1429,1301,1
1429,1241,1
1436,1429,0
1429,1324,1
1443,1429,0
1429,1255,1
3376,1429,0
3323,1429,0
3333,1429,0
3231,1429,0
3328,1429,0
3304,1429,0
3279,1429,0
3314,1429,0
3277,1429,0
3266,1429,0
3401,1429,0
3195,1429,0
3193,1429,0
3186,1429,0
3245,1429,0
3342,1429,0
3400,1429,0
3390,1429,0
3301,1429,0
3211,1429,0
3428,1429,0
3397,1429,0
3235,1429,0
3104,1429,0
3199,1429,0
3268,1429,0
3453,1429,0
3355,1429,0
3414,1429,0
3151,1429,0
3313,1429,0
3180,1429,0
3234,1429,0
3417,1429,0
3261,1429,0
3243,1429,0
3160,1429,0
3257,1429,0
3166,1429,0
3452,1429,0
3343,1429,0
3424,1429,0
3292,1429,0
3179,1429,0
3339,1429,0
3349,1429,0
3465,1429,0
3221,1429,0
3425,1429,0
3326,1429,0
3163,1429,0
3439,1429,0
3124,1429,0
3393,1429,0
3181,1429,0
3242,1429,0
3276,1429,0
3350,1429,0
3112,1429,0
3162,1429,0
3267,1429,0
3238,1429,0
3263,1429,0
3394,1429,0
1395,1395,0
1395,1161,1
1395,1332,0
1395,1270,1
1395,1359,1
1395,1103,1
1395,1389,1
1395,1212,1
1395,1222,1
1395,1266,0
1395,1246,1
1395,1181,0
1458,1395,0
1403,1395,0
1395,1196,1
1395,1304,1
1401,1395,0
1395,1129,1
1395,1301,1
1395,1241,1
1436,1395,0
1395,1324,1
1443,1395,0
1395,1255,1
3376,1395,0
3323,1395,0
3333,1395,0
3231,1395,0
3328,1395,0
3304,1395,0
3279,1395,0
3314,1395,0
3277,1395,0
3266,1395,0
3401,1395,0
3195,1395,0
3193,1395,0
3186,1395,0
3245,1395,0
3342,1395,0
3400,1395,0
3390,1395,0
3301,1395,0
3211,1395,0
3428,1395,0
3397,1395,0
3235,1395,0
3104,1395,0
3199,1395,0
3268,1395,0
3453,1395,0
3355,1395,0
3414,1395,0
3151,1395,0
3313,1395,0
3180,1395,0
3234,1395,0
3417,1395,0
3261,1395,0
3243,1395,0
3160,1395,0
3257,1395,0
3166,1395,0
3452,1395,0
3343,1395,0
3424,1395,0
3292,1395,0
3179,1395,0
3339,1395,0
3349,1395,0
3465,1395,0
3221,1395,0
3425,1395,0
3326,1395,0
3163,1395,0
3439,1395,0
3124,1395,0
3393,1395,0
3181,1395,0
3242,1395,0
3276,1395,0
3350,1395,0
3112,1395,0
3162,1395,0
3267,1395,0
3238,1395,0
3263,1395,0
3394,1395,0
1161,1161,1
1332,1161,1
1270,1161,0
1359,1161,0
1161,1103,1
1389,1161,0
1212,1161,0
1222,1161,1
1266,1161,1
1246,1161,1
1181,1161,1
1458,1161,1
1403,1161,1
1196,1161,1
1304,1161,0
1401,1161,1
1161,1129,1
1301,1161,1
1241,1161,1
1436,1161,1
1324,1161,0
1443,1161,0
1255,1161,0
3376,1161,0
3323,1161,0
3333,1161,0
3231,1161,0
3328,1161,0
3304,1161,0
3279,1161,0
3314,1161,0
3277,1161,0
3266,1161,0
3401,1161,0
3195,1161,0
3193,1161,0
3186,1161,0
3245,1161,0
3342,1161,0
3400,1161,0
3390,1161,0
3301,1161,0
3211,1161,0
3428,1161,0
3397,1161,0
3235,1161,0
3104,1161,0
3199,1161,0
3268,1161,0
3453,1161,0
3355,1161,0
3414,1161,0
3151,1161,0
3313,1161,0
3180,1161,0
3234,1161,0
3417,1161,0
3261,1161,0
3243,1161,0
3160,1161,0
3257,1161,0
3166,1161,0
3452,1161,0
3343,1161,0
3424,1161,0
3292,1161,0
3179,1161,0
3339,1161,0
3349,1161,0
3465,1161,0
3221,1161,0
3425,1161,0
3326,1161,0
3163,1161,0
3439,1161,0
3124,1161,0
3393,1161,0
3181,1161,0
3242,1161,0
3276,1161,0
3350,1161,0
3112,1161,0
3162,1161,0
3267,1161,0
3238,1161,0
3263,1161,0
3394,1161,0
1332,1332,0
1332,1270,1
1359,1332,0
1332,1103,1
1389,1332,0
1332,1212,1
1332,1222,0
1332,1266,0
1332,1246,0
1332,1181,0
1458,1332,0
1403,1332,0
1332,1196,0
1332,1304,0
1401,1332,1
1332,1129,1
1332,1301,1
1332,1241,1
1436,1332,0
1332,1324,1
1443,1332,0
1332,1255,1
3376,1332,0
3323,1332,0
3333,1332,0
3231,1332,0
3328,1332,0
3304,1332,0
3279,1332,0
3314,1332,0
3277,1332,0
3266,1332,0
3401,1332,0
3195,1332,0
3193,1332,0
3186,1332,0
3245,1332,0
3342,1332,0
3400,1332,0
3390,1332,0
3301,1332,0
3211,1332,0
3428,1332,0
3397,1332,0
3235,1332,0
3104,1332,0
3199,1332,0
3268,1332,0
3453,1332,0
3355,1332,0
3414,1332,0
3151,1332,0
3313,1332,0
3180,1332,0
3234,1332,0
3417,1332,0
3261,1332,0
3243,1332,0
3160,1332,0
3257,1332,0
3166,1332,0
3452,1332,0
3343,1332,0
3424,1332,0
3292,1332,0
3179,1332,0
3339,1332,0
3349,1332,0
3465,1332,0
3221,1332,0
3425,1332,0
3326,1332,0
3163,1332,0
3439,1332,0
3124,1332,0
3393,1332,0
3181,1332,0
3242,1332,0
3276,1332,0
3350,1332,0
3112,1332,0
3162,1332,0
3267,1332,0
3238,1332,0
3263,1332,0
3394,1332,0
1270,1270,0
1359,1270,1
1270,1103,0
1389,1270,0
1270,1212,0
1270,1222,0
1270,1266,0
1270,1246,0
1270,1181,0
1458,1270,1
1403,1270,1
1270,1196,0
1304,1270,1
1401,1270,1
1270,1129,0
1301,1270,1
1270,1241,0
1436,1270,1
1324,1270,1
1443,1270,1
1270,1255,0
3376,1270,1
3323,1270,1
3333,1270,1
3231,1270,1
3328,1270,1
3304,1270,1
3279,1270,1
3314,1270,1
3277,1270,1
3266,1270,1
3401,1270,1
3195,1270,1
3193,1270,1
3186,1270,1
3245,1270,1
3342,1270,1
3400,1270,1
3390,1270,1
3301,1270,1
3211,1270,1
3428,1270,1
3397,1270,1
3235,1270,1
3104,1270,1
3199,1270,1
3268,1270,1
3453,1270,1
3355,1270,1
3414,1270,1
3151,1270,1
3313,1270,1
3180,1270,1
3234,1270,1
3417,1270,1
3261,1270,1
3243,1270,1
3160,1270,1
3257,1270,1
3166,1270,1
3452,1270,1
3343,1270,1
3424,1270,1
3292,1270,1
3179,1270,1
3339,1270,1
3349,1270,1
3465,1270,1
3221,1270,1
3425,1270,1
3326,1270,1
3163,1270,1
3439,1270,1
3124,1270,1
3393,1270,1
3181,1270,1
3242,1270,1
3276,1270,1
3350,1270,1
3112,1270,1
3162,1270,1
3267,1270,1
3238,1270,1
3263,1270,1
3394,1270,1
1359,1359,0
1359,1103,0
1389,1359,0
1359,1212,0
1359,1222,0
1359,1266,0
1359,1246,0
1359,1181,0
1458,1359,1
1403,1359,1
1359,1196,0
1359,1304,0
1401,1359,1
1359,1129,0
1359,1301,0
1359,1241,0
1436,1359,1
1359,1324,1
1443,1359,0
1359,1255,0
3376,1359,0
3323,1359,0
3333,1359,0
3231,1359,0
3328,1359,0
3304,1359,0
3279,1359,0
3314,1359,0
3277,1359,0
3266,1359,0
3401,1359,0
3195,1359,0
3193,1359,0
3186,1359,0
3245,1359,0
3342,1359,0
3400,1359,0
3390,1359,0
3301,1359,0
3211,1359,0
3428,1359,0
3397,1359,0
3235,1359,0
3104,1359,0
3199,1359,0
3268,1359,0
3453,1359,0
3355,1359,0
3414,1359,0
3151,1359,0
3313,1359,0
3180,1359,0
3234,1359,0
3417,1359,0
3261,1359,0
3243,1359,0
3160,1359,0
3257,1359,0
3166,1359,0
3452,1359,0
3343,1359,0
3424,1359,0
3292,1359,0
3179,1359,0
3339,1359,0
3349,1359,0
3465,1359,0
3221,1359,0
3425,1359,0
3326,1359,0
3163,1359,0
3439,1359,0
3124,1359,0
3393,1359,0
3181,1359,0
3242,1359,0
3276,1359,0
3350,1359,0
3112,1359,0
3162,1359,0
3267,1359,0
3238,1359,0
3263,1359,0
3394,1359,0
1103,1103,1
1389,1103,0
1212,1103,0
1222,1103,1
1266,1103,1
1246,1103,1
1181,1103,1
1458,1103,1
1403,1103,1
1196,1103,1
1304,1103,0
1401,1103,1
1129,1103,1
1301,1103,1
1241,1103,1
1436,1103,1
1324,1103,0
1443,1103,1
1255,1103,1
3376,1103,0
3323,1103,0
3333,1103,0
3231,1103,0
3328,1103,0
3304,1103,0
3279,1103,0
3314,1103,0
3277,1103,0
3266,1103,0
3401,1103,0
3195,1103,0
3193,1103,0
3186,1103,0
3245,1103,0
3342,1103,0
3400,1103,0
3390,1103,0
3301,1103,0
3211,1103,0
3428,1103,0
3397,1103,0
3235,1103,0
3104,1103,0
3199,1103,0
3268,1103,0
3453,1103,0
3355,1103,0
3414,1103,0
3151,1103,0
3313,1103,0
3180,1103,0
3234,1103,0
3417,1103,0
3261,1103,0
3243,1103,0
3160,1103,0
3257,1103,0
3166,1103,0
3452,1103,0
3343,1103,0
3424,1103,0
3292,1103,0
3179,1103,0
3339,1103,0
3349,1103,0
3465,1103,0
3221,1103,0
3425,1103,0
3326,1103,0
3163,1103,0
3439,1103,0
3124,1103,0
3393,1103,0
3181,1103,0
3242,1103,0
3276,1103,0
3350,1103,0
3112,1103,0
3162,1103,0
3267,1103,0
3238,1103,0
3263,1103,0
3394,1103,0
1389,1389,0
1389,1212,0
1389,1222,0
1389,1266,0
1389,1246,0
1389,1181,0
1458,1389,1
1403,1389,1
1389,1196,0
1389,1304,0
1401,1389,1
1389,1129,0
1389,1301,0
1389,1241,0
1436,1389,1
1389,1324,0
1443,1389,1
1389,1255,0
3376,1389,0
3323,1389,0
3333,1389,0
3231,1389,0
3328,1389,0
3304,1389,0
3279,1389,0
3314,1389,0
3277,1389,0
3266,1389,0
3401,1389,0
3195,1389,0
3193,1389,0
3186,1389,0
3245,1389,0
3342,1389,0
3400,1389,0
3390,1389,0
3301,1389,0
3211,1389,0
3428,1389,0
3397,1389,0
3235,1389,0
3104,1389,0
3199,1389,0
3268,1389,0
3453,1389,0
3355,1389,0
3414,1389,0
3151,1389,0
3313,1389,0
3180,1389,0
3234,1389,0
3417,1389,0
3261,1389,0
3243,1389,0
3160,1389,0
3257,1389,0
3166,1389,0
3452,1389,0
3343,1389,0
3424,1389,0
3292,1389,0
3179,1389,0
3339,1389,0
3349,1389,0
3465,1389,0
3221,1389,0
3425,1389,0
3326,1389,0
3163,1389,0
3439,1389,0
3124,1389,0
3393,1389,0
3181,1389,0
3242,1389,0
3276,1389,0
3350,1389,0
3112,1389,0
3162,1389,0
3267,1389,0
3238,1389,0
3263,1389,0
3394,1389,0
1212,1212,0
1222,1212,1
1266,1212,1
1246,1212,1
1212,1181,0
1458,1212,1
1403,1212,1
1212,1196,0
1304,1212,0
1401,1212,1
1212,1129,0
1301,1212,1
1241,1212,1
1436,1212,1
1324,1212,0
1443,1212,0
1255,1212,0
3376,1212,0
3323,1212,0
3333,1212,0
3231,1212,0
3328,1212,0
3304,1212,0
3279,1212,0
3314,1212,0
3277,1212,0
3266,1212,0
3401,1212,0
3195,1212,0
3193,1212,0
3186,1212,0
3245,1212,0
3342,1212,0
3400,1212,0
3390,1212,0
3301,1212,0
3211,1212,0
3428,1212,0
3397,1212,0
3235,1212,0
3104,1212,0
3199,1212,0
3268,1212,0
3453,1212,0
3355,1212,0
3414,1212,0
3151,1212,0
3313,1212,0
3180,1212,0
3234,1212,0
3417,1212,0
3261,1212,0
3243,1212,0
3160,1212,0
3257,1212,0
3166,1212,0
3452,1212,0
3343,1212,0
3424,1212,0
3292,1212,0
3179,1212,0
3339,1212,0
3349,1212,0
3465,1212,0
3221,1212,0
3425,1212,0
3326,1212,0
3163,1212,0
3439,1212,0
3124,1212,0
3393,1212,0
3181,1212,0
3242,1212,0
3276,1212,0
3350,1212,0
3112,1212,0
3162,1212,0
3267,1212,0
3238,1212,0
3263,1212,0
3394,1212,0
1222,1222,1
1266,1222,1
1246,1222,1
1222,1181,1
1458,1222,0
1403,1222,1
1222,1196,1
1304,1222,0
1401,1222,1
1222,1129,1
1301,1222,0
1241,1222,0
1436,1222,0
1324,1222,0
1443,1222,0
1255,1222,0
3376,1222,0
3323,1222,0
3333,1222,0
3231,1222,0
3328,1222,0
3304,1222,0
3279,1222,0
3314,1222,0
3277,1222,0
3266,1222,0
3401,1222,0
3195,1222,0
3193,1222,0
3186,1222,0
3245,1222,0
3342,1222,0
3400,1222,0
3390,1222,0
3301,1222,0
3211,1222,0
3428,1222,0
3397,1222,0
3235,1222,0
3104,1222,0
3199,1222,0
3268,1222,0
3453,1222,0
3355,1222,0
3414,1222,0
3151,1222,0
3313,1222,0
3180,1222,0
3234,1222,0
3417,1222,0
3261,1222,0
3243,1222,0
3160,1222,0
3257,1222,0
3166,1222,0
3452,1222,0
3343,1222,0
3424,1222,0
3292,1222,0
3179,1222,0
3339,1222,0
3349,1222,0
3465,1222,0
3221,1222,0
3425,1222,0
3326,1222,0
3163,1222,0
3439,1222,0
3124,1222,0
3393,1222,0
3181,1222,0
3242,1222,0
3276,1222,0
3350,1222,0
3112,1222,0
3162,1222,0
3267,1222,0
3238,1222,0
3263,1222,0
3394,1222,0
1266,1266,1
1266,1246,1
1266,1181,1
1458,1266,0
1403,1266,0
1266,1196,1
1304,1266,0
1401,1266,0
1266,1129,1
1301,1266,0
1266,1241,1
1436,1266,0
1324,1266,0
1443,1266,0
1266,1255,1
3376,1266,0
3323,1266,0
3333,1266,0
3231,1266,0
3328,1266,0
3304,1266,0
3279,1266,0
3314,1266,0
3277,1266,0
3266,1266,0
3401,1266,0
3195,1266,0
3193,1266,0
3186,1266,0
3245,1266,0
3342,1266,0
3400,1266,0
3390,1266,0
3301,1266,0
3211,1266,0
3428,1266,0
3397,1266,0
3235,1266,0
3104,1266,0
3199,1266,0
3268,1266,0
3453,1266,0
3355,1266,0
3414,1266,0
3151,1266,0
3313,1266,0
3180,1266,0
3234,1266,0
3417,1266,0
3261,1266,0
3243,1266,0
3160,1266,0
3257,1266,0
3166,1266,0
3452,1266,0
3343,1266,0
3424,1266,0
3292,1266,0
3179,1266,0
3339,1266,0
3349,1266,0
3465,1266,0
3221,1266,0
3425,1266,0
3326,1266,0
3163,1266,0
3439,1266,0
3124,1266,0
3393,1266,0
3181,1266,0
3242,1266,0
3276,1266,0
3350,1266,0
3112,1266,0
3162,1266,0
3267,1266,0
3238,1266,0
3263,1266,0
3394,1266,0
1246,1246,1
1246,1181,1
1458,1246,0
1403,1246,1
1246,1196,1
1304,1246,0
1401,1246,1
1246,1129,1
1301,1246,1
1246,1241,1
1436,1246,0
1324,1246,0
1443,1246,0
1255,1246,0
3376,1246,0
3323,1246,0
3333,1246,0
3231,1246,0
3328,1246,0
3304,1246,0
3279,1246,0
3314,1246,0
3277,1246,0
3266,1246,0
3401,1246,0
3195,1246,0
3193,1246,0
3186,1246,0
3245,1246,0
3342,1246,0
3400,1246,0
3390,1246,0
3301,1246,0
3211,1246,0
3428,1246,0
3397,1246,0
3235,1246,0
3104,1246,0
3199,1246,0
3268,1246,0
3453,1246,0
3355,1246,0
3414,1246,0
3151,1246,0
3313,1246,0
3180,1246,0
3234,1246,0
3417,1246,0
3261,1246,0
3243,1246,0
3160,1246,0
3257,1246,0
3166,1246,0
3452,1246,0
3343,1246,0
3424,1246,0
3292,1246,0
3179,1246,0
3339,1246,0
3349,1246,0
3465,1246,0
3221,1246,0
3425,1246,0
3326,1246,0
3163,1246,0
3439,1246,0
3124,1246,0
3393,1246,0
3181,1246,0
3242,1246,0
3276,1246,0
3350,1246,0
3112,1246,0
3162,1246,0
3267,1246,0
3238,1246,0
3263,1246,0
3394,1246,0
1181,1181,1
1458,1181,0
1403,1181,0
1196,1181,0
1304,1181,0
1401,1181,1
1181,1129,1
1301,1181,0
1241,1181,0
1436,1181,0
1324,1181,0
1443,1181,0
1255,1181,0
3376,1181,0
3323,1181,0
3333,1181,0
3231,1181,0
3328,1181,0
3304,1181,0
3279,1181,0
3314,1181,0
3277,1181,0
3266,1181,0
3401,1181,0
3195,1181,0
3193,1181,0
3186,1181,0
3245,1181,0
3342,1181,0
3400,1181,0
3390,1181,0
3301,1181,0
3211,1181,0
3428,1181,0
3397,1181,0
3235,1181,0
3104,1181,0
3199,1181,0
3268,1181,0
3453,1181,0
3355,1181,0
3414,1181,0
3151,1181,0
3313,1181,0
3180,1181,0
3234,1181,0
3417,1181,0
3261,1181,0
3243,1181,0
3160,1181,0
3257,1181,0
3166,1181,0
3452,1181,0
3343,1181,0
3424,1181,0
3292,1181,0
3179,1181,0
3339,1181,0
3349,1181,0
3465,1181,0
3221,1181,0
3425,1181,0
3326,1181,0
3163,1181,0
3439,1181,0
3124,1181,0
3393,1181,0
3181,1181,0
3242,1181,0
3276,1181,0
3350,1181,0
3112,1181,0
3162,1181,0
3267,1181,0
3238,1181,0
3263,1181,0
3394,1181,0
1458,1458,0
1458,1403,0
1458,1196,0
1458,1304,0
1458,1401,0
1458,1129,1
1458,1301,0
1458,1241,0
1458,1436,1
1458,1324,1
1458,1443,1
1458,1255,1
3376,1458,0
3323,1458,0
3333,1458,0
3231,1458,0
3328,1458,0
3304,1458,0
3279,1458,0
3314,1458,0
3277,1458,0
3266,1458,0
3401,1458,0
3195,1458,0
3193,1458,0
3186,1458,0
3245,1458,0
3342,1458,0
3400,1458,0
3390,1458,0
3301,1458,0
3211,1458,0
3428,1458,0
3397,1458,0
3235,1458,0
3104,1458,0
3199,1458,0
3268,1458,0
3453,1458,0
3355,1458,0
3414,1458,0
3151,1458,0
3313,1458,0
3180,1458,0
3234,1458,0
3417,1458,0
3261,1458,0
3243,1458,0
3160,1458,0
3257,1458,0
3166,1458,0
3452,1458,0
3343,1458,0
3424,1458,0
3292,1458,0
3179,1458,0
3339,1458,0
3349,1458,0
3465,1458,0
3221,1458,0
3425,1458,0
3326,1458,0
3163,1458,0
3439,1458,0
3124,1458,0
3393,1458,0
3181,1458,0
3242,1458,0
3276,1458,0
3350,1458,0
3112,1458,0
3162,1458,0
3267,1458,0
3238,1458,0
3263,1458,0
3394,1458,0
1403,1403,1
1403,1196,1
1403,1304,1
1403,1401,1
1403,1129,1
1403,1301,1
1403,1241,1
1436,1403,0
1403,1324,1
1443,1403,0
1403,1255,1
3376,1403,0
3323,1403,0
3333,1403,0
3231,1403,0
3328,1403,0
3304,1403,0
3279,1403,0
3314,1403,0
3277,1403,0
3266,1403,0
3401,1403,0
3195,1403,0
3193,1403,0
3186,1403,0
3245,1403,0
3342,1403,0
3400,1403,0
3390,1403,0
3301,1403,0
3211,1403,0
3428,1403,0
3397,1403,0
3235,1403,0
3104,1403,0
3199,1403,0
3268,1403,0
3453,1403,0
3355,1403,0
3414,1403,0
3151,1403,0
3313,1403,0
3180,1403,0
3234,1403,0
3417,1403,0
3261,1403,0
3243,1403,0
3160,1403,0
3257,1403,0
3166,1403,0
3452,1403,0
3343,1403,0
3424,1403,0
3292,1403,0
3179,1403,0
3339,1403,0
3349,1403,0
3465,1403,0
3221,1403,0
3425,1403,0
3326,1403,0
3163,1403,0
3439,1403,0
3124,1403,0
3393,1403,0
3181,1403,0
3242,1403,0
3276,1403,0
3350,1403,0
3112,1403,0
3162,1403,0
3267,1403,0
3238,1403,0
3263,1403,0
3394,1403,0
1196,1196,0
1304,1196,0
1401,1196,1
1196,1129,1
1301,1196,1
1241,1196,0
1436,1196,0
1324,1196,0
1443,1196,0
1255,1196,0
3376,1196,0
3323,1196,0
3333,1196,0
3231,1196,0
3328,1196,0
3304,1196,0
3279,1196,0
3314,1196,0
3277,1196,0
3266,1196,0
3401,1196,0
3195,1196,0
3193,1196,0
3186,1196,0
3245,1196,0
3342,1196,0
3400,1196,0
3390,1196,0
3301,1196,0
3211,1196,0
3428,1196,0
3397,1196,0
3235,1196,0
3104,1196,0
3199,1196,0
3268,1196,0
3453,1196,0
3355,1196,0
3414,1196,0
3151,1196,0
3313,1196,0
3180,1196,0
3234,1196,0
3417,1196,0
3261,1196,0
3243,1196,0
3160,1196,0
3257,1196,0
3166,1196,0
3452,1196,0
3343,1196,0
3424,1196,0
3292,1196,0
3179,1196,0
3339,1196,0
3349,1196,0
3465,1196,0
3221,1196,0
3425,1196,0
3326,1196,0
3163,1196,0
3439,1196,0
3124,1196,0
3393,1196,0
3181,1196,0
3242,1196,0
3276,1196,0
3350,1196,0
3112,1196,0
3162,1196,0
3267,1196,0
3238,1196,0
3263,1196,0
3394,1196,0
1304,1304,0
1401,1304,1
1304,1129,0
1304,1301,0
1304,1241,0
1436,1304,0
1324,1304,0
1443,1304,0
1304,1255,0
3376,1304,0
3323,1304,0
3333,1304,0
3231,1304,0
3328,1304,0
3304,1304,0
3279,1304,0
3314,1304,0
3277,1304,0
3266,1304,0
3401,1304,0
3195,1304,0
3193,1304,0
3186,1304,0
3245,1304,0
3342,1304,0
3400,1304,0
3390,1304,0
3301,1304,0
3211,1304,0
3428,1304,0
3397,1304,0
3235,1304,0
3104,1304,0
3199,1304,0
3268,1304,0
3453,1304,0
3355,1304,0
3414,1304,0
3151,1304,0
3313,1304,0
3180,1304,0
3234,1304,0
3417,1304,0
3261,1304,0
3243,1304,0
3160,1304,0
3257,1304,0
3166,1304,0
3452,1304,0
3343,1304,0
3424,1304,0
3292,1304,0
3179,1304,0
3339,1304,0
3349,1304,0
3465,1304,0
3221,1304,0
3425,1304,0
3326,1304,0
3163,1304,0
3439,1304,0
3124,1304,0
3393,1304,0
3181,1304,0
3242,1304,0
3276,1304,0
3350,1304,0
3112,1304,0
3162,1304,0
3267,1304,0
3238,1304,0
3263,1304,0
3394,1304,0
1401,1401,1
1401,1129,1
1401,1301,1
1401,1241,1
1436,1401,0
1401,1324,1
1443,1401,0
1401,1255,1
3376,1401,0
3323,1401,0
3333,1401,0
3231,1401,0
3328,1401,0
3304,1401,0
3279,1401,0
3314,1401,0
3277,1401,0
3266,1401,0
3401,1401,0
3195,1401,0
3193,1401,0
3186,1401,0
3245,1401,0
3342,1401,0
3400,1401,0
3390,1401,0
3301,1401,0
3211,1401,0
3428,1401,0
3397,1401,0
3235,1401,0
3104,1401,0
3199,1401,0
3268,1401,0
3453,1401,0
3355,1401,0
3414,1401,0
3151,1401,0
3313,1401,0
3180,1401,0
3234,1401,0
3417,1401,0
3261,1401,0
3243,1401,0
3160,1401,0
3257,1401,0
3166,1401,0
3452,1401,0
3343,1401,0
3424,1401,0
3292,1401,0
3179,1401,0
3339,1401,0
3349,1401,0
3465,1401,0
3221,1401,0
3425,1401,0
3326,1401,0
3163,1401,0
3439,1401,0
3124,1401,0
3393,1401,0
3181,1401,0
3242,1401,0
3276,1401,0
3350,1401,0
3112,1401,0
3162,1401,0
3267,1401,0
3238,1401,0
3263,1401,0
3394,1401,0
1129,1129,1
1301,1129,1
1241,1129,0
1436,1129,0
1324,1129,0
1443,1129,0
1255,1129,0
3376,1129,0
3323,1129,0
3333,1129,0
3231,1129,0
3328,1129,0
3304,1129,0
3279,1129,0
3314,1129,0
3277,1129,0
3266,1129,0
3401,1129,0
3195,1129,0
3193,1129,0
3186,1129,0
3245,1129,0
3342,1129,0
3400,1129,0
3390,1129,0
3301,1129,0
3211,1129,0
3428,1129,0
3397,1129,0
3235,1129,0
3104,1129,0
3199,1129,0
3268,1129,0
3453,1129,0
3355,1129,0
3414,1129,0
3151,1129,0
3313,1129,0
3180,1129,0
3234,1129,0
3417,1129,0
3261,1129,0
3243,1129,0
3160,1129,0
3257,1129,0
3166,1129,0
3452,1129,0
3343,1129,0
3424,1129,0
3292,1129,0
3179,1129,0
3339,1129,0
3349,1129,0
3465,1129,0
3221,1129,0
3425,1129,0
3326,1129,0
3163,1129,0
3439,1129,0
3124,1129,0
3393,1129,0
3181,1129,0
3242,1129,0
3276,1129,0
3350,1129,0
3112,1129,0
3162,1129,0
3267,1129,0
3238,1129,0
3263,1129,0
3394,1129,0
1301,1301,1
1301,1241,1
1436,1301,0
1324,1301,0
1443,1301,0
1301,1255,1
3376,1301,0
3323,1301,0
3333,1301,0
3231,1301,0
3328,1301,0
3304,1301,0
3279,1301,0
3314,1301,0
3277,1301,0
3266,1301,0
3401,1301,0
3195,1301,0
3193,1301,0
3186,1301,0
3245,1301,0
3342,1301,0
3400,1301,0
3390,1301,0
3301,1301,0
3211,1301,0
3428,1301,0
3397,1301,0
3235,1301,0
3104,1301,0
3199,1301,0
3268,1301,0
3453,1301,0
3355,1301,0
3414,1301,0
3151,1301,0
3313,1301,0
3180,1301,0
3234,1301,0
3417,1301,0
3261,1301,0
3243,1301,0
3160,1301,0
3257,1301,0
3166,1301,0
3452,1301,0
3343,1301,0
3424,1301,0
3292,1301,0
3179,1301,0
3339,1301,0
3349,1301,0
3465,1301,0
3221,1301,0
3425,1301,0
3326,1301,0
3163,1301,0
3439,1301,0
3124,1301,0
3393,1301,0
3181,1301,0
3242,1301,0
3276,1301,0
3350,1301,0
3112,1301,0
3162,1301,0
3267,1301,0
3238,1301,0
3263,1301,0
3394,1301,0
1241,1241,0
1436,1241,0
1324,1241,0
1443,1241,0
1255,1241,0
3376,1241,0
3323,1241,0
3333,1241,0
3231,1241,0
3328,1241,0
3304,1241,0
3279,1241,0
3314,1241,0
3277,1241,0
3266,1241,0
3401,1241,0
3195,1241,0
3193,1241,0
3186,1241,0
3245,1241,0
3342,1241,0
3400,1241,0
3390,1241,0
3301,1241,0
3211,1241,0
3428,1241,0
3397,1241,0
3235,1241,0
3104,1241,0
3199,1241,0
3268,1241,0
3453,1241,0
3355,1241,0
3414,1241,0
3151,1241,0
3313,1241,0
3180,1241,0
3234,1241,0
3417,1241,0
3261,1241,0
3243,1241,0
3160,1241,0
3257,1241,0
3166,1241,0
3452,1241,0
3343,1241,0
3424,1241,0
3292,1241,0
3179,1241,0
3339,1241,0
3349,1241,0
3465,1241,0
3221,1241,0
3425,1241,0
3326,1241,0
3163,1241,0
3439,1241,0
3124,1241,0
3393,1241,0
3181,1241,0
3242,1241,0
3276,1241,0
3350,1241,0
3112,1241,0
3162,1241,0
3267,1241,0
3238,1241,0
3263,1241,0
3394,1241,0
1436,1436,1
1436,1324,1
1443,1436,0
1436,1255,1
3376,1436,0
3323,1436,0
3333,1436,0
3231,1436,0
3328,1436,0
3304,1436,0
3279,1436,0
3314,1436,0
3277,1436,0
3266,1436,0
3401,1436,0
3195,1436,0
3193,1436,0
3186,1436,0
3245,1436,0
3342,1436,0
3400,1436,0
3390,1436,0
3301,1436,0
3211,1436,0
3428,1436,0
3397,1436,0
3235,1436,0
3104,1436,0
3199,1436,0
3268,1436,0
3453,1436,0
3355,1436,0
3414,1436,0
3151,1436,0
3313,1436,0
3180,1436,0
3234,1436,0
3417,1436,0
3261,1436,0
3243,1436,0
3160,1436,0
3257,1436,0
3166,1436,0
3452,1436,0
3343,1436,0
3424,1436,0
3292,1436,0
3179,1436,0
3339,1436,0
3349,1436,0
3465,1436,0
3221,1436,0
3425,1436,0
3326,1436,0
3163,1436,0
3439,1436,0
3124,1436,0
3393,1436,0
3181,1436,0
3242,1436,0
3276,1436,0
3350,1436,0
3112,1436,0
3162,1436,0
3267,1436,0
3238,1436,0
3263,1436,0
3394,1436,0
1324,1324,1
1443,1324,1
1324,1255,0
3376,1324,0
3323,1324,0
3333,1324,0
3231,1324,0
3328,1324,0
3304,1324,0
3279,1324,0
3314,1324,0
3277,1324,0
3266,1324,0
3401,1324,0
3195,1324,0
3193,1324,0
3186,1324,0
3245,1324,0
3342,1324,0
3400,1324,0
3390,1324,0
3301,1324,0
3211,1324,0
3428,1324,0
3397,1324,0
3235,1324,0
3104,1324,0
3199,1324,0
3268,1324,0
3453,1324,0
3355,1324,0
3414,1324,0
3151,1324,0
3313,1324,0
3180,1324,0
3234,1324,0
3417,1324,0
3261,1324,0
3243,1324,0
3160,1324,0
3257,1324,0
3166,1324,0
3452,1324,0
3343,1324,0
3424,1324,0
3292,1324,0
3179,1324,0
3339,1324,0
3349,1324,0
3465,1324,0
3221,1324,0
3425,1324,0
3326,1324,0
3163,1324,0
3439,1324,0
3124,1324,0
3393,1324,0
3181,1324,0
3242,1324,0
3276,1324,0
3350,1324,0
3112,1324,0
3162,1324,0
3267,1324,0
3238,1324,0
3263,1324,0
3394,1324,0
1443,1443,1
1443,1255,1
3376,1443,0
3323,1443,0
3333,1443,0
3231,1443,0
3328,1443,0
3304,1443,0
3279,1443,0
3314,1443,0
3277,1443,0
3266,1443,0
3401,1443,0
3195,1443,0
3193,1443,0
3186,1443,0
3245,1443,0
3342,1443,0
3400,1443,0
3390,1443,0
3301,1443,0
3211,1443,0
3428,1443,0
3397,1443,0
3235,1443,0
3104,1443,0
3199,1443,0
3268,1443,0
3453,1443,0
3355,1443,0
3414,1443,0
3151,1443,0
3313,1443,0
3180,1443,0
3234,1443,0
3417,1443,0
3261,1443,0
3243,1443,0
3160,1443,0
3257,1443,0
3166,1443,0
3452,1443,0
3343,1443,0
3424,1443,0
3292,1443,0
3179,1443,0
3339,1443,0
3349,1443,0
3465,1443,0
3221,1443,0
3425,1443,0
3326,1443,0
3163,1443,0
3439,1443,0
3124,1443,0
3393,1443,0
3181,1443,0
3242,1443,0
3276,1443,0
3350,1443,0
3112,1443,0
3162,1443,0
3267,1443,0
3238,1443,0
3263,1443,0
3394,1443,0
1255,1255,1
3376,1255,0
3323,1255,0
3333,1255,0
3231,1255,0
3328,1255,0
3304,1255,0
3279,1255,0
3314,1255,0
3277,1255,0
3266,1255,0
3401,1255,0
3195,1255,0
3193,1255,0
3186,1255,0
3245,1255,0
3342,1255,0
3400,1255,0
3390,1255,0
3301,1255,0
3211,1255,0
3428,1255,0
3397,1255,0
3235,1255,0
3104,1255,0
3199,1255,0
3268,1255,0
3453,1255,0
3355,1255,0
3414,1255,0
3151,1255,0
3313,1255,0
3180,1255,0
3234,1255,0
3417,1255,0
3261,1255,0
3243,1255,0
3160,1255,0
3257,1255,0
3166,1255,0
3452,1255,0
3343,1255,0
3424,1255,0
3292,1255,0
3179,1255,0
3339,1255,0
3349,1255,0
3465,1255,0
3221,1255,0
3425,1255,0
3326,1255,0
3163,1255,0
3439,1255,0
3124,1255,0
3393,1255,0
3181,1255,0
3242,1255,0
3276,1255,0
3350,1255,0
3112,1255,0
3162,1255,0
3267,1255,0
3238,1255,0
3263,1255,0
3394,1255,0
3376,3376,1
3376,3323,1
3376,3333,1
3376,3231,1
3376,3328,1
3376,3304,1
3376,3279,1
3376,3314,1
3376,3277,1
3376,3266,1
3401,3376,1
3376,3195,1
3376,3193,1
3376,3186,1
3376,3245,1
3376,3342,1
3400,3376,1
3390,3376,1
3376,3301,1
3376,3211,1
3428,3376,1
3397,3376,1
3376,3235,1
3376,3104,1
3376,3199,1
3376,3268,1
3453,3376,1
3376,3355,1
3414,3376,1
3376,3151,1
3376,3313,1
3376,3180,1
3376,3234,1
3417,3376,1
3376,3261,1
3376,3243,1
3376,3160,1
3376,3257,1
3376,3166,1
3452,3376,1
3376,3343,1
3424,3376,1
3376,3292,1
3376,3179,1
3376,3339,1
3376,3349,1
3465,3376,1
3376,3221,1
3425,3376,1
3376,3326,1
3376,3163,1
3439,3376,1
3376,3124,1
3393,3376,1
3376,3181,1
3376,3242,1
3376,3276,1
3376,3350,1
3376,3112,1
3376,3162,1
3376,3267,1
3376,3238,1
3376,3263,1
3394,3376,1
3323,3323,1
3333,3323,1
3323,3231,1
3328,3323,1
3323,3304,1
3323,3279,1
3323,3314,1
3323,3277,1
3323,3266,1
3401,3323,1
3323,3195,1
3323,3193,1
3323,3186,1
3323,3245,1
3342,3323,1
3400,3323,1
3390,3323,1
3323,3301,1
3323,3211,1
3428,3323,1
3397,3323,1
3323,3235,1
3323,3104,1
3323,3199,1
3323,3268,1
3453,3323,1
3355,3323,1
3414,3323,1
3323,3151,1
3323,3313,1
3323,3180,1
3323,3234,1
3417,3323,1
3323,3261,1
3323,3243,1
3323,3160,1
3323,3257,1
3323,3166,1
3452,3323,1
3343,3323,1
3424,3323,1
3323,3292,1
3323,3179,1
3339,3323,1
3349,3323,1
3465,3323,1
3323,3221,1
3425,3323,1
3326,3323,1
3323,3163,1
3439,3323,1
3323,3124,1
3393,3323,1
3323,3181,1
3323,3242,1
3323,3276,1
3350,3323,1
3323,3112,1
3323,3162,1
3323,3267,1
3323,3238,1
3323,3263,1
3394,3323,1
3333,3333,1
3333,3231,1
3333,3328,1
3333,3304,1
3333,3279,1
3333,3314,1
3333,3277,1
3333,3266,1
3401,3333,1
3333,3195,1
3333,3193,1
3333,3186,1
3333,3245,1
3342,3333,1
3400,3333,1
3390,3333,1
3333,3301,1
3333,3211,1
3428,3333,1
3397,3333,1
3333,3235,1
3333,3104,1
3333,3199,1
3333,3268,1
3453,3333,1
3355,3333,1
3414,3333,1
3333,3151,1
3333,3313,1
3333,3180,1
3333,3234,1
3417,3333,1
3333,3261,1
3333,3243,1
3333,3160,1
3333,3257,1
3333,3166,1
3452,3333,1
3343,3333,1
3424,3333,1
3333,3292,1
3333,3179,1
3339,3333,1
3349,3333,1
3465,3333,1
3333,3221,1
3425,3333,1
3333,3326,1
3333,3163,1
3439,3333,1
3333,3124,1
3393,3333,1
3333,3181,1
3333,3242,1
3333,3276,1
3350,3333,1
3333,3112,1
3333,3162,1
3333,3267,1
3333,3238,1
3333,3263,1
3394,3333,1
3231,3231,1
3328,3231,1
3304,3231,1
3279,3231,1
3314,3231,1
3277,3231,1
3266,3231,1
3401,3231,1
3231,3195,1
3231,3193,1
3231,3186,1
3245,3231,1
3342,3231,1
3400,3231,1
3390,3231,1
3301,3231,1
3231,3211,1
3428,3231,1
3397,3231,1
3235,3231,1
3231,3104,1
3231,3199,1
3268,3231,1
3453,3231,1
3355,3231,1
3414,3231,1
3231,3151,1
3313,3231,1
3231,3180,1
3234,3231,1
3417,3231,1
3261,3231,1
3243,3231,1
3231,3160,1
3257,3231,1
3231,3166,1
3452,3231,1
3343,3231,1
3424,3231,1
3292,3231,1
3231,3179,1
3339,3231,1
3349,3231,1
3465,3231,1
3231,3221,1
3425,3231,1
3326,3231,1
3231,3163,1
3439,3231,1
3231,3124,1
3393,3231,1
3231,3181,1
3242,3231,1
3276,3231,1
3350,3231,1
3231,3112,1
3231,3162,1
3267,3231,1
3238,3231,1
3263,3231,1
3394,3231,1
3328,3328,1
3328,3304,1
3328,3279,1
3328,3314,1
3328,3277,1
3328,3266,1
3401,3328,1
3328,3195,1
3328,3193,1
3328,3186,1
3328,3245,1
3342,3328,1
3400,3328,1
3390,3328,1
3328,3301,1
3328,3211,1
3428,3328,1
3397,3328,1
3328,3235,1
3328,3104,1
3328,3199,1
3328,3268,1
3453,3328,1
3355,3328,1
3414,3328,1
3328,3151,1
3328,3313,1
3328,3180,1
3328,3234,1
3417,3328,1
3328,3261,1
3328,3243,1
3328,3160,1
3328,3257,1
3328,3166,1
3452,3328,1
3343,3328,1
3424,3328,1
3328,3292,1
3328,3179,1
3339,3328,1
3349,3328,1
3465,3328,1
3328,3221,1
3425,3328,1
3328,3326,1
3328,3163,1
3439,3328,1
3328,3124,1
3393,3328,1
3328,3181,1
3328,3242,1
3328,3276,1
3350,3328,1
3328,3112,1
3328,3162,1
3328,3267,1
3328,3238,1
3328,3263,1
3394,3328,1
3304,3304,1
3304,3279,1
3314,3304,1
3304,3277,1
3304,3266,1
3401,3304,1
3304,3195,1
3304,3193,1
3304,3186,1
3304,3245,1
3342,3304,1
3400,3304,1
3390,3304,1
3304,3301,1
3304,3211,1
3428,3304,1
3397,3304,1
3304,3235,1
3304,3104,1
3304,3199,1
3304,3268,1
3453,3304,1
3355,3304,1
3414,3304,1
3304,3151,1
3313,3304,1
3304,3180,1
3304,3234,1
3417,3304,1
3304,3261,1
3304,3243,1
3304,3160,1
3304,3257,1
3304,3166,1
3452,3304,1
3343,3304,1
3424,3304,1
3304,3292,1
3304,3179,1
3339,3304,1
3349,3304,1
3465,3304,1
3304,3221,1
3425,3304,1
3326,3304,1
3304,3163,1
3439,3304,1
3304,3124,1
3393,3304,1
3304,3181,1
3304,3242,1
3304,3276,1
3350,3304,1
3304,3112,1
3304,3162,1
3304,3267,1
3304,3238,1
3304,3263,1
3394,3304,1
3279,3279,1
3314,3279,1
3279,3277,1
3279,3266,1
3401,3279,1
3279,3195,1
3279,3193,1
3279,3186,1
3279,3245,1
3342,3279,1
3400,3279,1
3390,3279,1
3301,3279,1
3279,3211,1
3428,3279,1
3397,3279,1
3279,3235,1
3279,3104,1
3279,3199,1
3279,3268,1
3453,3279,1
3355,3279,1
3414,3279,1
3279,3151,1
3313,3279,1
3279,3180,1
3279,3234,1
3417,3279,1
3279,3261,1
3279,3243,1
3279,3160,1
3279,3257,1
3279,3166,1
3452,3279,1
3343,3279,1
3424,3279,1
3292,3279,1
3279,3179,1
3339,3279,1
3349,3279,1
3465,3279,1
3279,3221,1
3425,3279,1
3326,3279,1
3279,3163,1
3439,3279,1
3279,3124,1
3393,3279,1
3279,3181,1
3279,3242,1
3279,3276,1
3350,3279,1
3279,3112,1
3279,3162,1
3279,3267,1
3279,3238,1
3279,3263,1
3394,3279,1
3314,3314,1
3314,3277,1
3314,3266,1
3401,3314,1
3314,3195,1
3314,3193,1
3314,3186,1
3314,3245,1
3342,3314,1
3400,3314,1
3390,3314,1
3314,3301,1
3314,3211,1
3428,3314,1
3397,3314,1
3314,3235,1
3314,3104,1
3314,3199,1
3314,3268,1
3453,3314,1
3355,3314,1
3414,3314,1
3314,3151,1
3314,3313,1
3314,3180,1
3314,3234,1
3417,3314,1
3314,3261,1
3314,3243,1
3314,3160,1
3314,3257,1
3314,3166,1
3452,3314,1
3343,3314,1
3424,3314,1
3314,3292,1
3314,3179,1
3339,3314,1
3349,3314,1
3465,3314,1
3314,3221,1
3425,3314,1
3326,3314,1
3314,3163,1
3439,3314,1
3314,3124,1
3393,3314,1
3314,3181,1
3314,3242,1
3314,3276,1
3350,3314,1
3314,3112,1
3314,3162,1
3314,3267,1
3314,3238,1
3314,3263,1
3394,3314,1
3277,3277,1
3277,3266,1
3401,3277,1
3277,3195,1
3277,3193,1
3277,3186,1
3277,3245,1
3342,3277,1
3400,3277,1
3390,3277,1
3301,3277,1
3277,3211,1
3428,3277,1
3397,3277,1
3277,3235,1
3277,3104,1
3277,3199,1
3277,3268,1
3453,3277,1
3355,3277,1
3414,3277,1
3277,3151,1
3313,3277,1
3277,3180,1
3277,3234,1
3417,3277,1
3277,3261,1
3277,3243,1
3277,3160,1
3277,3257,1
3277,3166,1
3452,3277,1
3343,3277,1
3424,3277,1
3292,3277,1
3277,3179,1
3339,3277,1
3349,3277,1
3465,3277,1
3277,3221,1
3425,3277,1
3326,3277,1
3277,3163,1
3439,3277,1
3277,3124,1
3393,3277,1
3277,3181,1
3277,3242,1
3277,3276,1
3350,3277,1
3277,3112,1
3277,3162,1
3277,3267,1
3277,3238,1
3277,3263,1
3394,3277,1
3266,3266,1
3401,3266,1
3266,3195,1
3266,3193,1
3266,3186,1
3266,3245,1
3342,3266,1
3400,3266,1
3390,3266,1
3301,3266,1
3266,3211,1
3428,3266,1
3397,3266,1
3266,3235,1
3266,3104,1
3266,3199,1
3268,3266,1
3453,3266,1
3355,3266,1
3414,3266,1
3266,3151,1
3313,3266,1
3266,3180,1
3266,3234,1
3417,3266,1
3266,3261,1
3266,3243,1
3266,3160,1
3266,3257,1
3266,3166,1
3452,3266,1
3343,3266,1
3424,3266,1
3292,3266,1
3266,3179,1
3339,3266,1
3349,3266,1
3465,3266,1
3266,3221,1
3425,3266,1
3326,3266,1
3266,3163,1
3439,3266,1
3266,3124,1
3393,3266,1
3266,3181,1
3266,3242,1
3276,3266,1
3350,3266,1
3266,3112,1
3266,3162,1
3267,3266,1
3266,3238,1
3266,3263,1
3394,3266,1
3401,3401,1
3401,3195,1
3401,3193,1
3401,3186,1
3401,3245,1
3401,3342,1
3401,3400,1
3401,3390,1
3401,3301,1
3401,3211,1
3428,3401,1
3401,3397,1
3401,3235,1
3401,3104,1
3401,3199,1
3401,3268,1
3453,3401,1
3401,3355,1
3414,3401,1
3401,3151,1
3401,3313,1
3401,3180,1
3401,3234,1
3417,3401,1
3401,3261,1
3401,3243,1
3401,3160,1
3401,3257,1
3401,3166,1
3452,3401,1
3401,3343,1
3424,3401,1
3401,3292,1
3401,3179,1
3401,3339,1
3401,3349,1
3465,3401,1
3401,3221,1
3425,3401,1
3401,3326,1
3401,3163,1
3439,3401,1
3401,3124,1
3401,3393,1
3401,3181,1
3401,3242,1
3401,3276,1
3401,3350,1
3401,3112,1
3401,3162,1
3401,3267,1
3401,3238,1
3401,3263,1
3401,3394,1
3195,3195,1
3195,3193,1
3195,3186,1
3245,3195,1
3342,3195,1
3400,3195,1
3390,3195,1
3301,3195,1
3211,3195,1
3428,3195,1
3397,3195,1
3235,3195,1
3195,3104,1
3199,3195,1
3268,3195,1
3453,3195,1
3355,3195,1
3414,3195,1
3195,3151,1
3313,3195,1
3195,3180,1
3234,3195,1
3417,3195,1
3261,3195,1
3243,3195,1
3195,3160,1
3257,3195,1
3195,3166,1
3452,3195,1
3343,3195,1
3424,3195,1
3292,3195,1
3195,3179,1
3339,3195,1
3349,3195,1
3465,3195,1
3221,3195,1
3425,3195,1
3326,3195,1
3195,3163,1
3439,3195,1
3195,3124,1
3393,3195,1
3195,3181,1
3242,3195,1
3276,3195,1
3350,3195,1
3195,3112,1
3195,3162,1
3267,3195,1
3238,3195,1
3263,3195,1
3394,3195,1
3193,3193,1
3193,3186,1
3245,3193,1
3342,3193,1
3400,3193,1
3390,3193,1
3301,3193,1
3211,3193,1
3428,3193,1
3397,3193,1
3235,3193,1
3193,3104,1
3199,3193,1
3268,3193,1
3453,3193,1
3355,3193,1
3414,3193,1
3193,3151,1
3313,3193,1
3193,3180,1
3234,3193,1
3417,3193,1
3261,3193,1
3243,3193,1
3193,3160,1
3257,3193,1
3193,3166,1
3452,3193,1
3343,3193,1
3424,3193,1
3292,3193,1
3193,3179,1
3339,3193,1
3349,3193,1
3465,3193,1
3221,3193,1
3425,3193,1
3326,3193,1
3193,3163,1
3439,3193,1
3193,3124,1
3393,3193,1
3193,3181,1
3242,3193,1
3276,3193,1
3350,3193,1
3193,3112,1
3193,3162,1
3267,3193,1
3238,3193,1
3263,3193,1
3394,3193,1
3186,3186,1
3245,3186,1
3342,3186,1
3400,3186,1
3390,3186,1
3301,3186,1
3211,3186,1
3428,3186,1
3397,3186,1
3235,3186,1
3186,3104,1
3199,3186,1
3268,3186,1
3453,3186,1
3355,3186,1
3414,3186,1
3186,3151,1
3313,3186,1
3186,3180,1
3234,3186,1
3417,3186,1
3261,3186,1
3243,3186,1
3186,3160,1
3257,3186,1
3186,3166,1
3452,3186,1
3343,3186,1
3424,3186,1
3292,3186,1
3186,3179,1
3339,3186,1
3349,3186,1
3465,3186,1
3221,3186,1
3425,3186,1
3326,3186,1
3186,3163,1
3439,3186,1
3186,3124,1
3393,3186,1
3186,3181,1
3242,3186,1
3276,3186,1
3350,3186,1
3186,3112,1
3186,3162,1
3267,3186,1
3238,3186,1
3263,3186,1
3394,3186,1
3245,3245,1
3342,3245,1
3400,3245,1
3390,3245,1
3301,3245,1
3245,3211,1
3428,3245,1
3397,3245,1
3245,3235,1
3245,3104,1
3245,3199,1
3268,3245,1
3453,3245,1
3355,3245,1
3414,3245,1
3245,3151,1
3313,3245,1
3245,3180,1
3245,3234,1
3417,3245,1
3261,3245,1
3245,3243,1
3245,3160,1
3257,3245,1
3245,3166,1
3452,3245,1
3343,3245,1
3424,3245,1
3292,3245,1
3245,3179,1
3339,3245,1
3349,3245,1
3465,3245,1
3245,3221,1
3425,3245,1
3326,3245,1
3245,3163,1
3439,3245,1
3245,3124,1
3393,3245,1
3245,3181,1
3245,3242,1
3276,3245,1
3350,3245,1
3245,3112,1
3245,3162,1
3267,3245,1
3245,3238,1
3263,3245,1
3394,3245,1
3342,3342,1
3400,3342,1
3390,3342,1
3342,3301,1
3342,3211,1
3428,3342,1
3397,3342,1
3342,3235,1
3342,3104,1
3342,3199,1
3342,3268,1
3453,3342,1
3355,3342,1
3414,3342,1
3342,3151,1
3342,3313,1
3342,3180,1
3342,3234,1
3417,3342,1
3342,3261,1
3342,3243,1
3342,3160,1
3342,3257,1
3342,3166,1
3452,3342,1
3343,3342,1
3424,3342,1
3342,3292,1
3342,3179,1
3342,3339,1
3349,3342,1
3465,3342,1
3342,3221,1
3425,3342,1
3342,3326,1
3342,3163,1
3439,3342,1
3342,3124,1
3393,3342,1
3342,3181,1
3342,3242,1
3342,3276,1
3350,3342,1
3342,3112,1
3342,3162,1
3342,3267,1
3342,3238,1
3342,3263,1
3394,3342,1
3400,3400,1
3400,3390,1
3400,3301,1
3400,3211,1
3428,3400,1
3400,3397,1
3400,3235,1
3400,3104,1
3400,3199,1
3400,3268,1
3453,3400,1
3400,3355,1
3414,3400,1
3400,3151,1
3400,3313,1
3400,3180,1
3400,3234,1
3417,3400,1
3400,3261,1
3400,3243,1
3400,3160,1
3400,3257,1
3400,3166,1
3452,3400,1
3400,3343,1
3424,3400,1
3400,3292,1
3400,3179,1
3400,3339,1
3400,3349,1
3465,3400,1
3400,3221,1
3425,3400,1
3400,3326,1
3400,3163,1
3439,3400,1
3400,3124,1
3400,3393,1
3400,3181,1
3400,3242,1
3400,3276,1
3400,3350,1
3400,3112,1
3400,3162,1
3400,3267,1
3400,3238,1
3400,3263,1
3400,3394,1
3390,3390,1
3390,3301,1
3390,3211,1
3428,3390,1
3397,3390,1
3390,3235,1
3390,3104,1
3390,3199,1
3390,3268,1
3453,3390,1
3390,3355,1
3414,3390,1
3390,3151,1
3390,3313,1
3390,3180,1
3390,3234,1
3417,3390,1
3390,3261,1
3390,3243,1
3390,3160,1
3390,3257,1
3390,3166,1
3452,3390,1
3390,3343,1
3424,3390,1
3390,3292,1
3390,3179,1
3390,3339,1
3390,3349,1
3465,3390,1
3390,3221,1
3425,3390,1
3390,3326,1
3390,3163,1
3439,3390,1
3390,3124,1
3393,3390,1
3390,3181,1
3390,3242,1
3390,3276,1
3390,3350,1
3390,3112,1
3390,3162,1
3390,3267,1
3390,3238,1
3390,3263,1
3394,3390,1
3301,3301,1
3301,3211,1
3428,3301,1
3397,3301,1
3301,3235,1
3301,3104,1
3301,3199,1
3301,3268,1
3453,3301,1
3355,3301,1
3414,3301,1
3301,3151,1
3313,3301,1
3301,3180,1
3301,3234,1
3417,3301,1
3301,3261,1
3301,3243,1
3301,3160,1
3301,3257,1
3301,3166,1
3452,3301,1
3343,3301,1
3424,3301,1
3301,3292,1
3301,3179,1
3339,3301,1
3349,3301,1
3465,3301,1
3301,3221,1
3425,3301,1
3326,3301,1
3301,3163,1
3439,3301,1
3301,3124,1
3393,3301,1
3301,3181,1
3301,3242,1
3301,3276,1
3350,3301,1
3301,3112,1
3301,3162,1
3301,3267,1
3301,3238,1
3301,3263,1
3394,3301,1
3211,3211,1
3428,3211,1
3397,3211,1
3235,3211,1
3211,3104,1
3211,3199,1
3268,3211,1
3453,3211,1
3355,3211,1
3414,3211,1
3211,3151,1
3313,3211,1
3211,3180,1
3234,3211,1
3417,3211,1
3261,3211,1
3243,3211,1
3211,3160,1
3257,3211,1
3211,3166,1
3452,3211,1
3343,3211,1
3424,3211,1
3292,3211,1
3211,3179,1
3339,3211,1
3349,3211,1
3465,3211,1
3221,3211,1
3425,3211,1
3326,3211,1
3211,3163,1
3439,3211,1
3211,3124,1
3393,3211,1
3211,3181,1
3242,3211,1
3276,3211,1
3350,3211,1
3211,3112,1
3211,3162,1
3267,3211,1
3238,3211,1
3263,3211,1
3394,3211,1
3428,3428,1
3428,3397,1
3428,3235,1
3428,3104,1
3428,3199,1
3428,3268,1
3453,3428,1
3428,3355,1
3428,3414,1
3428,3151,1
3428,3313,1
3428,3180,1
3428,3234,1
3428,3417,1
3428,3261,1
3428,3243,1
3428,3160,1
3428,3257,1
3428,3166,1
3452,3428,1
3428,3343,1
3428,3424,1
3428,3292,1
3428,3179,1
3428,3339,1
3428,3349,1
3465,3428,1
3428,3221,1
3428,3425,1
3428,3326,1
3428,3163,1
3439,3428,1
3428,3124,1
3428,3393,1
3428,3181,1
3428,3242,1
3428,3276,1
3428,3350,1
3428,3112,1
3428,3162,1
3428,3267,1
3428,3238,1
3428,3263,1
3428,3394,1
3397,3397,1
3397,3235,1
3397,3104,1
3397,3199,1
3397,3268,1
3453,3397,1
3397,3355,1
3414,3397,1
3397,3151,1
3397,3313,1
3397,3180,1
3397,3234,1
3417,3397,1
3397,3261,1
3397,3243,1
3397,3160,1
3397,3257,1
3397,3166,1
3452,3397,1
3397,3343,1
3424,3397,1
3397,3292,1
3397,3179,1
3397,3339,1
3397,3349,1
3465,3397,1
3397,3221,1
3425,3397,1
3397,3326,1
3397,3163,1
3439,3397,1
3397,3124,1
3397,3393,1
3397,3181,1
3397,3242,1
3397,3276,1
3397,3350,1
3397,3112,1
3397,3162,1
3397,3267,1
3397,3238,1
3397,3263,1
3397,3394,1
3235,3235,1
3235,3104,1
3235,3199,1
3268,3235,1
3453,3235,1
3355,3235,1
3414,3235,1
3235,3151,1
3313,3235,1
3235,3180,1
3235,3234,1
3417,3235,1
3261,3235,1
3243,3235,1
3235,3160,1
3257,3235,1
3235,3166,1
3452,3235,1
3343,3235,1
3424,3235,1
3292,3235,1
3235,3179,1
3339,3235,1
3349,3235,1
3465,3235,1
3235,3221,1
3425,3235,1
3326,3235,1
3235,3163,1
3439,3235,1
3235,3124,1
3393,3235,1
3235,3181,1
3242,3235,1
3276,3235,1
3350,3235,1
3235,3112,1
3235,3162,1
3267,3235,1
3238,3235,1
3263,3235,1
3394,3235,1
3104,3104,1
3199,3104,1
3268,3104,1
3453,3104,1
3355,3104,1
3414,3104,1
3151,3104,1
3313,3104,1
3180,3104,1
3234,3104,1
3417,3104,1
3261,3104,1
3243,3104,1
3160,3104,1
3257,3104,1
3166,3104,1
3452,3104,1
3343,3104,1
3424,3104,1
3292,3104,1
3179,3104,1
3339,3104,1
3349,3104,1
3465,3104,1
3221,3104,1
3425,3104,1
3326,3104,1
3163,3104,1
3439,3104,1
3124,3104,1
3393,3104,1
3181,3104,1
3242,3104,1
3276,3104,1
3350,3104,1
3112,3104,1
3162,3104,1
3267,3104,1
3238,3104,1
3263,3104,1
3394,3104,1
3199,3199,1
3268,3199,1
3453,3199,1
3355,3199,1
3414,3199,1
3199,3151,1
3313,3199,1
3199,3180,1
3234,3199,1
3417,3199,1
3261,3199,1
3243,3199,1
3199,3160,1
3257,3199,1
3199,3166,1
3452,3199,1
3343,3199,1
3424,3199,1
3292,3199,1
3199,3179,1
3339,3199,1
3349,3199,1
3465,3199,1
3221,3199,1
3425,3199,1
3326,3199,1
3199,3163,1
3439,3199,1
3199,3124,1
3393,3199,1
3199,3181,1
3242,3199,1
3276,3199,1
3350,3199,1
3199,3112,1
3199,3162,1
3267,3199,1
3238,3199,1
3263,3199,1
3394,3199,1
3268,3268,1
3453,3268,1
3355,3268,1
3414,3268,1
3268,3151,1
3313,3268,1
3268,3180,1
3268,3234,1
3417,3268,1
3268,3261,1
3268,3243,1
3268,3160,1
3268,3257,1
3268,3166,1
3452,3268,1
3343,3268,1
3424,3268,1
3292,3268,1
3268,3179,1
3339,3268,1
3349,3268,1
3465,3268,1
3268,3221,1
3425,3268,1
3326,3268,1
3268,3163,1
3439,3268,1
3268,3124,1
3393,3268,1
3268,3181,1
3268,3242,1
3276,3268,1
3350,3268,1
3268,3112,1
3268,3162,1
3268,3267,1
3268,3238,1
3268,3263,1
3394,3268,1
3453,3453,1
3453,3355,1
3453,3414,1
3453,3151,1
3453,3313,1
3453,3180,1
3453,3234,1
3453,3417,1
3453,3261,1
3453,3243,1
3453,3160,1
3453,3257,1
3453,3166,1
3453,3452,1
3453,3343,1
3453,3424,1
3453,3292,1
3453,3179,1
3453,3339,1
3453,3349,1
3465,3453,1
3453,3221,1
3453,3425,1
3453,3326,1
3453,3163,1
3453,3439,1
3453,3124,1
3453,3393,1
3453,3181,1
3453,3242,1
3453,3276,1
3453,3350,1
3453,3112,1
3453,3162,1
3453,3267,1
3453,3238,1
3453,3263,1
3453,3394,1
3355,3355,1
3414,3355,1
3355,3151,1
3355,3313,1
3355,3180,1
3355,3234,1
3417,3355,1
3355,3261,1
3355,3243,1
3355,3160,1
3355,3257,1
3355,3166,1
3452,3355,1
3355,3343,1
3424,3355,1
3355,3292,1
3355,3179,1
3355,3339,1
3355,3349,1
3465,3355,1
3355,3221,1
3425,3355,1
3355,3326,1
3355,3163,1
3439,3355,1
3355,3124,1
3393,3355,1
3355,3181,1
3355,3242,1
3355,3276,1
3355,3350,1
3355,3112,1
3355,3162,1
3355,3267,1
3355,3238,1
3355,3263,1
3394,3355,1
3414,3414,1
3414,3151,1
3414,3313,1
3414,3180,1
3414,3234,1
3417,3414,1
3414,3261,1
3414,3243,1
3414,3160,1
3414,3257,1
3414,3166,1
3452,3414,1
3414,3343,1
3424,3414,1
3414,3292,1
3414,3179,1
3414,3339,1
3414,3349,1
3465,3414,1
3414,3221,1
3425,3414,1
3414,3326,1
3414,3163,1
3439,3414,1
3414,3124,1
3414,3393,1
3414,3181,1
3414,3242,1
3414,3276,1
3414,3350,1
3414,3112,1
3414,3162,1
3414,3267,1
3414,3238,1
3414,3263,1
3414,3394,1
3151,3151,1
3313,3151,1
3180,3151,1
3234,3151,1
3417,3151,1
3261,3151,1
3243,3151,1
3160,3151,1
3257,3151,1
3166,3151,1
3452,3151,1
3343,3151,1
3424,3151,1
3292,3151,1
3179,3151,1
3339,3151,1
3349,3151,1
3465,3151,1
3221,3151,1
3425,3151,1
3326,3151,1
3163,3151,1
3439,3151,1
3151,3124,1
3393,3151,1
3181,3151,1
3242,3151,1
3276,3151,1
3350,3151,1
3151,3112,1
3162,3151,1
3267,3151,1
3238,3151,1
3263,3151,1
3394,3151,1
3313,3313,1
3313,3180,1
3313,3234,1
3417,3313,1
3313,3261,1
3313,3243,1
3313,3160,1
3313,3257,1
3313,3166,1
3452,3313,1
3343,3313,1
3424,3313,1
3313,3292,1
3313,3179,1
3339,3313,1
3349,3313,1
3465,3313,1
3313,3221,1
3425,3313,1
3326,3313,1
3313,3163,1
3439,3313,1
3313,3124,1
3393,3313,1
3313,3181,1
3313,3242,1
3313,3276,1
3350,3313,1
3313,3112,1
3313,3162,1
3313,3267,1
3313,3238,1
3313,3263,1
3394,3313,1
3180,3180,1
3234,3180,1
3417,3180,1
3261,3180,1
3243,3180,1
3180,3160,1
3257,3180,1
3180,3166,1
3452,3180,1
3343,3180,1
3424,3180,1
3292,3180,1
3180,3179,1
3339,3180,1
3349,3180,1
3465,3180,1
3221,3180,1
3425,3180,1
3326,3180,1
3180,3163,1
3439,3180,1
3180,3124,1
3393,3180,1
3181,3180,1
3242,3180,1
3276,3180,1
3350,3180,1
3180,3112,1
3180,3162,1
3267,3180,1
3238,3180,1
3263,3180,1
3394,3180,1
3234,3234,1
3417,3234,1
3261,3234,1
3243,3234,1
3234,3160,1
3257,3234,1
3234,3166,1
3452,3234,1
3343,3234,1
3424,3234,1
3292,3234,1
3234,3179,1
3339,3234,1
3349,3234,1
3465,3234,1
3234,3221,1
3425,3234,1
3326,3234,1
3234,3163,1
3439,3234,1
3234,3124,1
3393,3234,1
3234,3181,1
3242,3234,1
3276,3234,1
3350,3234,1
3234,3112,1
3234,3162,1
3267,3234,1
3238,3234,1
3263,3234,1
3394,3234,1
3417,3417,1
3417,3261,1
3417,3243,1
3417,3160,1
3417,3257,1
3417,3166,1
3452,3417,1
3417,3343,1
3424,3417,1
3417,3292,1
3417,3179,1
3417,3339,1
3417,3349,1
3465,3417,1
3417,3221,1
3425,3417,1
3417,3326,1
3417,3163,1
3439,3417,1
3417,3124,1
3417,3393,1
3417,3181,1
3417,3242,1
3417,3276,1
3417,3350,1
3417,3112,1
3417,3162,1
3417,3267,1
3417,3238,1
3417,3263,1
3417,3394,1
3261,3261,1
3261,3243,1
3261,3160,1
3261,3257,1
3261,3166,1
3452,3261,1
3343,3261,1
3424,3261,1
3292,3261,1
3261,3179,1
3339,3261,1
3349,3261,1
3465,3261,1
3261,3221,1
3425,3261,1
3326,3261,1
3261,3163,1
3439,3261,1
3261,3124,1
3393,3261,1
3261,3181,1
3261,3242,1
3276,3261,1
3350,3261,1
3261,3112,1
3261,3162,1
3267,3261,1
3261,3238,1
3263,3261,1
3394,3261,1
3243,3243,1
3243,3160,1
3257,3243,1
3243,3166,1
3452,3243,1
3343,3243,1
3424,3243,1
3292,3243,1
3243,3179,1
3339,3243,1
3349,3243,1
3465,3243,1
3243,3221,1
3425,3243,1
3326,3243,1
3243,3163,1
3439,3243,1
3243,3124,1
3393,3243,1
3243,3181,1
3243,3242,1
3276,3243,1
3350,3243,1
3243,3112,1
3243,3162,1
3267,3243,1
3243,3238,1
3263,3243,1
3394,3243,1
3160,3160,1
3257,3160,1
3166,3160,1
3452,3160,1
3343,3160,1
3424,3160,1
3292,3160,1
3179,3160,1
3339,3160,1
3349,3160,1
3465,3160,1
3221,3160,1
3425,3160,1
3326,3160,1
3163,3160,1
3439,3160,1
3160,3124,1
3393,3160,1
3181,3160,1
3242,3160,1
3276,3160,1
3350,3160,1
3160,3112,1
3162,3160,1
3267,3160,1
3238,3160,1
3263,3160,1
3394,3160,1
3257,3257,1
3257,3166,1
3452,3257,1
3343,3257,1
3424,3257,1
3292,3257,1
3257,3179,1
3339,3257,1
3349,3257,1
3465,3257,1
3257,3221,1
3425,3257,1
3326,3257,1
3257,3163,1
3439,3257,1
3257,3124,1
3393,3257,1
3257,3181,1
3257,3242,1
3276,3257,1
3350,3257,1
3257,3112,1
3257,3162,1
3267,3257,1
3257,3238,1
3263,3257,1
3394,3257,1
3166,3166,1
3452,3166,1
3343,3166,1
3424,3166,1
3292,3166,1
3179,3166,1
3339,3166,1
3349,3166,1
3465,3166,1
3221,3166,1
3425,3166,1
3326,3166,1
3166,3163,1
3439,3166,1
3166,3124,1
3393,3166,1
3181,3166,1
3242,3166,1
3276,3166,1
3350,3166,1
3166,3112,1
3166,3162,1
3267,3166,1
3238,3166,1
3263,3166,1
3394,3166,1
3452,3452,1
3452,3343,1
3452,3424,1
3452,3292,1
3452,3179,1
3452,3339,1
3452,3349,1
3465,3452,1
3452,3221,1
3452,3425,1
3452,3326,1
3452,3163,1
3452,3439,1
3452,3124,1
3452,3393,1
3452,3181,1
3452,3242,1
3452,3276,1
3452,3350,1
3452,3112,1
3452,3162,1
3452,3267,1
3452,3238,1
3452,3263,1
3452,3394,1
3343,3343,1
3424,3343,1
3343,3292,1
3343,3179,1
3343,3339,1
3349,3343,1
3465,3343,1
3343,3221,1
3425,3343,1
3343,3326,1
3343,3163,1
3439,3343,1
3343,3124,1
3393,3343,1
3343,3181,1
3343,3242,1
3343,3276,1
3350,3343,1
3343,3112,1
3343,3162,1
3343,3267,1
3343,3238,1
3343,3263,1
3394,3343,1
3424,3424,1
3424,3292,1
3424,3179,1
3424,3339,1
3424,3349,1
3465,3424,1
3424,3221,1
3425,3424,1
3424,3326,1
3424,3163,1
3439,3424,1
3424,3124,1
3424,3393,1
3424,3181,1
3424,3242,1
3424,3276,1
3424,3350,1
3424,3112,1
3424,3162,1
3424,3267,1
3424,3238,1
3424,3263,1
3424,3394,1
3292,3292,1
3292,3179,1
3339,3292,1
3349,3292,1
3465,3292,1
3292,3221,1
3425,3292,1
3326,3292,1
3292,3163,1
3439,3292,1
3292,3124,1
3393,3292,1
3292,3181,1
3292,3242,1
3292,3276,1
3350,3292,1
3292,3112,1
3292,3162,1
3292,3267,1
3292,3238,1
3292,3263,1
3394,3292,1
3179,3179,1
3339,3179,1
3349,3179,1
3465,3179,1
3221,3179,1
3425,3179,1
3326,3179,1
3179,3163,1
3439,3179,1
3179,3124,1
3393,3179,1
3181,3179,1
3242,3179,1
3276,3179,1
3350,3179,1
3179,3112,1
3179,3162,1
3267,3179,1
3238,3179,1
3263,3179,1
3394,3179,1
3339,3339,1
3349,3339,1
3465,3339,1
3339,3221,1
3425,3339,1
3339,3326,1
3339,3163,1
3439,3339,1
3339,3124,1
3393,3339,1
3339,3181,1
3339,3242,1
3339,3276,1
3350,3339,1
3339,3112,1
3339,3162,1
3339,3267,1
3339,3238,1
3339,3263,1
3394,3339,1
3349,3349,1
3465,3349,1
3349,3221,1
3425,3349,1
3349,3326,1
3349,3163,1
3439,3349,1
3349,3124,1
3393,3349,1
3349,3181,1
3349,3242,1
3349,3276,1
3350,3349,1
3349,3112,1
3349,3162,1
3349,3267,1
3349,3238,1
3349,3263,1
3394,3349,1
3465,3465,1
3465,3221,1
3465,3425,1
3465,3326,1
3465,3163,1
3465,3439,1
3465,3124,1
3465,3393,1
3465,3181,1
3465,3242,1
3465,3276,1
3465,3350,1
3465,3112,1
3465,3162,1
3465,3267,1
3465,3238,1
3465,3263,1
3465,3394,1
3221,3221,1
3425,3221,1
3326,3221,1
3221,3163,1
3439,3221,1
3221,3124,1
3393,3221,1
3221,3181,1
3242,3221,1
3276,3221,1
3350,3221,1
3221,3112,1
3221,3162,1
3267,3221,1
3238,3221,1
3263,3221,1
3394,3221,1
3425,3425,1
3425,3326,1
3425,3163,1
3439,3425,1
3425,3124,1
3425,3393,1
3425,3181,1
3425,3242,1
3425,3276,1
3425,3350,1
3425,3112,1
3425,3162,1
3425,3267,1
3425,3238,1
3425,3263,1
3425,3394,1
3326,3326,1
3326,3163,1
3439,3326,1
3326,3124,1
3393,3326,1
3326,3181,1
3326,3242,1
3326,3276,1
3350,3326,1
3326,3112,1
3326,3162,1
3326,3267,1
3326,3238,1
3326,3263,1
3394,3326,1
3163,3163,1
3439,3163,1
3163,3124,1
3393,3163,1
3181,3163,1
3242,3163,1
3276,3163,1
3350,3163,1
3163,3112,1
3163,3162,1
3267,3163,1
3238,3163,1
3263,3163,1
3394,3163,1
3439,3439,1
3439,3124,1
3439,3393,1
3439,3181,1
3439,3242,1
3439,3276,1
3439,3350,1
3439,3112,1
3439,3162,1
3439,3267,1
3439,3238,1
3439,3263,1
3439,3394,1
3124,3124,1
3393,3124,1
3181,3124,1
3242,3124,1
3276,3124,1
3350,3124,1
3124,3112,1
3162,3124,1
3267,3124,1
3238,3124,1
3263,3124,1
3394,3124,1
3393,3393,1
3393,3181,1
3393,3242,1
3393,3276,1
3393,3350,1
3393,3112,1
3393,3162,1
3393,3267,1
3393,3238,1
3393,3263,1
3394,3393,1
3181,3181,1
3242,3181,1
3276,3181,1
3350,3181,1
3181,3112,1
3181,3162,1
3267,3181,1
3238,3181,1
3263,3181,1
3394,3181,1
3242,3242,1
3276,3242,1
3350,3242,1
3242,3112,1
3242,3162,1
3267,3242,1
3242,3238,1
3263,3242,1
3394,3242,1
3276,3276,1
3350,3276,1
3276,3112,1
3276,3162,1
3276,3267,1
3276,3238,1
3276,3263,1
3394,3276,1
3350,3350,1
3350,3112,1
3350,3162,1
3350,3267,1
3350,3238,1
3350,3263,1
3394,3350,1
3112,3112,1
3162,3112,1
3267,3112,1
3238,3112,1
3263,3112,1
3394,3112,1
3162,3162,1
3267,3162,1
3238,3162,1
3263,3162,1
3394,3162,1
3267,3267,1
3267,3238,1
3267,3263,1
3394,3267,1
3238,3238,1
3263,3238,1
3394,3238,1
3263,3263,1
3394,3263,1
3394,3394,1
